fecha,0,1,2,3,4
2016-08-14 00:00:00+00:00,,,30.226190476190464,19.197619047619046,
2016-08-15 00:00:00+00:00,,,30.031578947368416,19.784210526315793,
2016-08-16 00:00:00+00:00,,,29.585937500000007,21.69375000000001,
2016-08-17 00:00:00+00:00,,,28.787499999999998,25.718750000000004,
2016-08-18 00:00:00+00:00,,,28.446551724137947,25.540517241379316,
2016-08-19 00:00:00+00:00,,,28.26692307692307,25.78615384615384,
2016-08-20 00:00:00+00:00,,,28.254918032786872,28.763934426229504,
2016-08-21 00:00:00+00:00,,,28.27131147540983,19.181147540983602,
2016-08-22 00:00:00+00:00,,,28.862328767123284,21.188356164383574,
2016-08-23 00:00:00+00:00,,,29.541176470588237,23.94789915966387,
2016-08-24 00:00:00+00:00,,,30.021276595744688,23.33475177304964,
2016-08-25 00:00:00+00:00,0.0,,30.175342465753396,22.288356164383575,
2016-08-26 00:00:00+00:00,32.0,,30.1423913043478,24.747826086956533,
2016-08-27 00:00:00+00:00,0.0,,30.921428571428567,23.88214285714286,
2016-08-28 00:00:00+00:00,0.0,,30.743877551020407,21.69897959183674,
2016-08-29 00:00:00+00:00,856.0,,30.26315789473684,17.637593984962393,
2016-08-30 00:00:00+00:00,679.0,,29.884920634920636,18.339682539682542,
2016-08-31 00:00:00+00:00,22.0,,29.535820895522388,21.41119402985074,
2016-09-01 00:00:00+00:00,58.0,,29.74782608695653,20.49347826086958,
2016-09-02 00:00:00+00:00,42.0,,29.885185185185193,19.18148148148148,
2016-09-03 00:00:00+00:00,0.0,,30.361538461538455,19.607692307692307,
2016-09-04 00:00:00+00:00,0.0,,30.6421875,19.225000000000005,
2016-09-05 00:00:00+00:00,160.0,,30.71511627906976,18.72558139534884,
2016-09-06 00:00:00+00:00,86.0,,30.958490566037742,16.48867924528302,
2016-09-07 00:00:00+00:00,210.0,,31.054166666666664,16.92083333333333,
2016-09-08 00:00:00+00:00,0.0,,30.086986301369862,19.812328767123276,
2016-09-09 00:00:00+00:00,92.0,,28.473972602739718,21.25616438356165,
2016-09-10 00:00:00+00:00,0.0,,28.56201550387596,20.1891472868217,
2016-09-11 00:00:00+00:00,1.0,,28.54107142857142,22.47142857142858,
2016-09-12 00:00:00+00:00,190.0,,28.844230769230766,24.33076923076923,
2016-09-13 00:00:00+00:00,302.0,,27.419512195121946,33.61707317073171,
2016-09-14 00:00:00+00:00,186.0,,25.73963963963964,23.555855855855857,
2016-09-15 00:00:00+00:00,167.0,,24.161111111111122,31.75833333333334,
2016-09-16 00:00:00+00:00,50.0,,24.577611940298524,31.626119402985065,
2016-09-17 00:00:00+00:00,0.0,,25.26030534351145,28.35496183206106,
2016-09-18 00:00:00+00:00,16.0,,25.576923076923073,24.93589743589744,
2016-09-19 00:00:00+00:00,157.0,,25.553125000000005,23.64999999999999,
2016-09-20 00:00:00+00:00,195.0,,26.064754098360638,20.912295081967216,
2016-09-21 00:00:00+00:00,127.0,,25.83333333333333,24.317543859649106,
2016-09-22 00:00:00+00:00,1033.0,,25.524427480916028,26.59541984732826,
2016-09-23 00:00:00+00:00,1162.0,,24.95365853658537,29.119512195121963,
2016-09-24 00:00:00+00:00,0.0,,25.572881355932203,23.647457627118644,
2016-09-25 00:00:00+00:00,0.0,,25.574264705882335,33.004411764705885,
2016-09-26 00:00:00+00:00,219.0,,25.2951219512195,27.148780487804874,
2016-09-27 00:00:00+00:00,46.0,,26.40625,22.6,
2016-09-28 00:00:00+00:00,136.0,,26.347222222222207,27.252777777777787,
2016-09-29 00:00:00+00:00,104.0,,26.02272727272726,26.67272727272727,
2016-09-30 00:00:00+00:00,215.0,,25.86756756756756,26.716216216216225,
2016-10-01 00:00:00+00:00,143.0,,25.859292035398216,26.769911504424776,
2016-10-02 00:00:00+00:00,142.0,,25.3579831932773,20.22605042016806,
2016-10-03 00:00:00+00:00,135.0,,24.89785714285713,21.876428571428562,
2016-10-04 00:00:00+00:00,147.0,,24.89062499999999,23.406249999999996,
2016-10-05 00:00:00+00:00,127.0,,24.94999999999998,21.814,
2016-10-06 00:00:00+00:00,108.0,,25.1483870967742,18.572580645161285,
2016-10-07 00:00:00+00:00,279.0,,24.53707865168539,19.565168539325846,
2016-10-08 00:00:00+00:00,0.0,,24.25,16.35625,
2016-10-09 00:00:00+00:00,83.0,,24.18157894736843,27.9657894736842,
2016-10-10 00:00:00+00:00,142.0,,23.92340425531916,30.731914893617034,
2016-10-11 00:00:00+00:00,121.0,,23.241221374045793,34.41145038167939,
2016-10-12 00:00:00+00:00,0.0,,22.601351351351333,43.295270270270294,
2016-10-13 00:00:00+00:00,96.0,,21.62074074074075,43.70518518518518,
2016-10-14 00:00:00+00:00,55.0,,20.96792452830188,42.27169811320754,
2016-10-15 00:00:00+00:00,1.0,,21.046341463414613,36.18211382113821,
2016-10-16 00:00:00+00:00,48.0,,20.96328124999999,38.17968750000001,
2016-10-17 00:00:00+00:00,78.0,,21.463636363636358,47.94685314685314,
2016-10-18 00:00:00+00:00,58.0,,21.943307086614176,51.181889763779544,
2016-10-19 00:00:00+00:00,28.0,,22.315942028985482,52.51304347826091,
2016-10-20 00:00:00+00:00,55.0,,22.674999999999976,49.380714285714284,
2016-10-21 00:00:00+00:00,43.0,,22.560638297872337,49.052127659574474,
2016-10-22 00:00:00+00:00,0.0,,22.319178082191787,52.247260273972564,
2016-10-23 00:00:00+00:00,35.0,,21.51066666666665,51.36600000000001,
2016-10-24 00:00:00+00:00,71.0,,20.84477611940299,50.84626865671642,
2016-10-25 00:00:00+00:00,68.0,,21.0948905109489,54.42773722627742,
2016-10-26 00:00:00+00:00,69.0,,20.993333333333325,55.09999999999999,
2016-10-27 00:00:00+00:00,124.0,,22.29120879120879,56.718681318681284,
2016-10-28 00:00:00+00:00,243.0,,22.341481481481477,55.02370370370371,
2016-10-29 00:00:00+00:00,0.0,,22.403378378378388,52.40067567567575,
2016-10-30 00:00:00+00:00,0.0,,22.009859154929597,43.28028169014084,
2016-10-31 00:00:00+00:00,408.0,,21.473611111111136,34.813888888888904,
2016-11-01 00:00:00+00:00,1318.0,,21.213475177304947,36.617730496453916,
2016-11-02 00:00:00+00:00,775.0,,21.34683544303797,45.602531645569634,
2016-11-03 00:00:00+00:00,66.0,,21.169565217391323,48.12826086956522,
2016-11-04 00:00:00+00:00,50.0,,21.07244897959184,50.46326530612245,
2016-11-05 00:00:00+00:00,4.0,,20.34444444444446,57.8711111111111,
2016-11-06 00:00:00+00:00,0.0,,,,
2016-11-07 00:00:00+00:00,51.0,,17.547777777777778,30.05111111111112,
2016-11-08 00:00:00+00:00,58.0,,17.565972222222214,32.094444444444456,
2016-11-09 00:00:00+00:00,64.0,,18.77829457364341,40.145736434108514,
2016-11-10 00:00:00+00:00,107.0,,19.58571428571428,35.10659340659341,
2016-11-11 00:00:00+00:00,53.0,,20.57703703703704,34.834814814814784,
2016-11-12 00:00:00+00:00,1.0,,19.997202797202817,38.10839160839161,
2016-11-13 00:00:00+00:00,12.0,,19.61600000000002,48.300666666666686,
2016-11-14 00:00:00+00:00,55.0,,20.063448275862047,39.02758620689656,
2016-11-15 00:00:00+00:00,52.0,,20.658394160583946,29.03576642335767,
2016-11-16 00:00:00+00:00,63.0,,20.63733333333334,27.912000000000006,
2016-11-17 00:00:00+00:00,193.0,,21.23650793650792,30.52698412698413,
2016-11-18 00:00:00+00:00,176.0,,21.404316546762594,34.54892086330935,
2016-11-19 00:00:00+00:00,0.0,,20.43032786885248,32.24180327868852,
2016-11-20 00:00:00+00:00,1.0,,19.12013888888889,48.57083333333335,
2016-11-21 00:00:00+00:00,442.0,,19.13018867924528,49.79999999999999,
2016-11-22 00:00:00+00:00,574.0,,19.742000000000004,37.74899999999998,
2016-11-23 00:00:00+00:00,1.0,,19.15384615384615,33.29230769230771,
2016-11-24 00:00:00+00:00,26.0,,19.5375,31.275000000000002,
2016-11-25 00:00:00+00:00,55.0,,20.061739130434795,38.941739130434776,
2016-11-26 00:00:00+00:00,0.0,,19.275,44.75250000000001,
2016-11-27 00:00:00+00:00,35.0,,18.104000000000003,47.102,
2016-11-28 00:00:00+00:00,82.0,,18.543023255813953,46.256976744186034,
2016-11-29 00:00:00+00:00,50.0,,19.912244897959187,42.87755102040816,
2016-11-30 00:00:00+00:00,65.0,,19.87164179104478,37.232835820895524,
2016-12-01 00:00:00+00:00,61.0,,20.653174603174612,43.111111111111114,
2016-12-02 00:00:00+00:00,94.0,,20.60816326530611,45.216326530612236,
2016-12-03 00:00:00+00:00,10.0,,19.897222222222247,45.356944444444466,
2016-12-04 00:00:00+00:00,2.0,,19.14761904761905,51.09931972789117,
2016-12-05 00:00:00+00:00,20.0,,19.45774647887325,49.20915492957744,
2016-12-06 00:00:00+00:00,0.0,,19.01052631578946,48.07142857142855,
2016-12-07 00:00:00+00:00,40.0,,18.76533333333333,46.85599999999998,
2016-12-08 00:00:00+00:00,0.0,,18.310416666666665,40.71249999999999,
2016-12-09 00:00:00+00:00,34.0,,18.40789473684211,41.13333333333332,
2016-12-10 00:00:00+00:00,0.0,,17.906034482758624,45.15086206896548,
2016-12-11 00:00:00+00:00,0.0,,17.170731707317078,44.96910569105688,
2016-12-12 00:00:00+00:00,70.0,,17.18676470588235,44.866176470588215,
2016-12-13 00:00:00+00:00,78.0,,17.807482993197283,44.671428571428564,
2016-12-14 00:00:00+00:00,46.0,,18.636912751677855,46.33624161073825,
2016-12-15 00:00:00+00:00,62.0,,19.03382352941176,38.799264705882344,
2016-12-16 00:00:00+00:00,32.0,,19.087500000000002,38.9725,
2016-12-17 00:00:00+00:00,0.0,,18.421739130434784,39.7391304347826,
2016-12-18 00:00:00+00:00,0.0,,17.48079999999999,34.66239999999996,
2016-12-19 00:00:00+00:00,66.0,,17.790476190476188,33.625396825396834,
2016-12-20 00:00:00+00:00,77.0,,18.30084745762712,29.755932203389836,
2016-12-21 00:00:00+00:00,17.0,,18.649218749999985,32.262499999999996,
2016-12-22 00:00:00+00:00,21.0,,18.130612244897968,34.83197278911565,
2016-12-23 00:00:00+00:00,10.0,,17.158064516129045,37.745161290322585,
2016-12-24 00:00:00+00:00,1.0,,16.17613636363636,41.23181818181819,
2016-12-25 00:00:00+00:00,1.0,,15.60384615384615,41.40384615384615,
2016-12-26 00:00:00+00:00,2.0,,14.826760563380295,40.88802816901408,
2016-12-27 00:00:00+00:00,7.0,,13.975675675675673,41.71891891891892,
2016-12-28 00:00:00+00:00,9.0,,13.641379310344833,42.326896551724104,
2016-12-29 00:00:00+00:00,7.0,,13.579310344827595,42.4489655172414,
2016-12-30 00:00:00+00:00,11.0,,13.310638297872346,42.171276595744686,
2016-12-31 00:00:00+00:00,1.0,,12.767391304347834,41.344927536231914,
2017-01-01 00:00:00+00:00,2.0,,11.90200000000002,41.132666666666665,
2017-01-02 00:00:00+00:00,11.0,,12.088965517241384,49.84344827586208,
2017-01-03 00:00:00+00:00,9.0,,12.608163265306144,57.6047619047619,
2017-01-04 00:00:00+00:00,11.0,,13.22772277227723,65.07128712871287,
2017-01-05 00:00:00+00:00,14.0,,13.49520547945206,65.82945205479454,
2017-01-06 00:00:00+00:00,3.0,,13.047,54.51899999999998,
2017-01-07 00:00:00+00:00,2.0,,12.58217054263566,46.48449612403101,
2017-01-08 00:00:00+00:00,3.0,,12.220422535211272,44.466197183098586,
2017-01-09 00:00:00+00:00,56.0,,14.727678571428566,43.56071428571424,
2017-01-10 00:00:00+00:00,40.0,,15.063999999999997,43.64199999999999,
2017-01-11 00:00:00+00:00,33.0,,17.099999999999998,46.0,
2017-01-12 00:00:00+00:00,41.0,,18.39026548672567,46.00442477876108,
2017-01-13 00:00:00+00:00,25.0,,18.72434782608697,34.49826086956521,
2017-01-14 00:00:00+00:00,3.0,,17.640624999999996,27.734375000000004,
2017-01-15 00:00:00+00:00,4.0,,15.56451612903226,28.487096774193564,
2017-01-16 00:00:00+00:00,118.0,,16.40163934426231,31.015573770491788,
2017-01-17 00:00:00+00:00,31.0,,17.794701986754973,31.433112582781447,
2017-01-18 00:00:00+00:00,21.0,,17.971739130434777,17.20072463768116,
2017-01-19 00:00:00+00:00,49.0,,17.791095890410958,17.16027397260274,
2017-01-20 00:00:00+00:00,42.0,,17.9376,22.234399999999997,
2017-01-21 00:00:00+00:00,2.0,,17.617391304347827,27.621739130434786,
2017-01-22 00:00:00+00:00,1.0,,15.864062500000003,31.216406250000013,
2017-01-23 00:00:00+00:00,31.0,,16.519117647058813,28.455147058823542,
2017-01-24 00:00:00+00:00,29.0,,17.602112676056336,24.71338028169015,
2017-01-25 00:00:00+00:00,29.0,,18.237500000000008,22.213888888888903,
2017-01-26 00:00:00+00:00,38.0,,18.780645161290323,31.583870967741927,
2017-01-27 00:00:00+00:00,3.0,,17.40344827586207,38.757931034482745,
2017-01-28 00:00:00+00:00,3.0,,15.712925170068004,43.22925170068031,
2017-01-29 00:00:00+00:00,4.0,,15.678873239436623,52.764788732394365,
2017-01-30 00:00:00+00:00,33.0,,16.94932432432432,54.75608108108109,
2017-01-31 00:00:00+00:00,29.0,,18.36486486486487,44.314864864864866,
2017-02-01 00:00:00+00:00,82.0,,18.911666666666665,46.534999999999975,
2017-02-02 00:00:00+00:00,44.0,,19.144274809160308,45.918320610687005,
2017-02-03 00:00:00+00:00,38.0,,19.021538461538444,47.659999999999954,
2017-02-04 00:00:00+00:00,12.0,,18.15810810810812,55.56891891891894,
2017-02-05 00:00:00+00:00,11.0,,16.625757575757564,43.92272727272727,
2017-02-06 00:00:00+00:00,54.0,,17.467114093959747,43.434228187919466,
2017-02-07 00:00:00+00:00,56.0,,18.864827586206903,43.75103448275862,
2017-02-08 00:00:00+00:00,53.0,,19.032031250000006,28.374218750000008,
2017-02-09 00:00:00+00:00,159.0,,19.247107438016535,26.059504132231407,
2017-02-10 00:00:00+00:00,68.0,,19.373103448275863,30.9103448275862,
2017-02-11 00:00:00+00:00,11.0,,18.95961538461539,32.548076923076906,
2017-02-12 00:00:00+00:00,9.0,,,,
2017-02-13 00:00:00+00:00,70.0,,,,
2017-02-14 00:00:00+00:00,87.0,,19.590666666666664,48.42266666666668,
2017-02-15 00:00:00+00:00,55.0,,19.5923076923077,40.7330769230769,
2017-02-16 00:00:00+00:00,58.0,,19.676190476190477,37.15000000000002,
2017-02-17 00:00:00+00:00,73.0,,20.256179775280895,34.24269662921349,
2017-02-18 00:00:00+00:00,11.0,,19.27552447552448,36.55454545454545,
2017-02-19 00:00:00+00:00,13.0,,18.138888888888896,39.04166666666664,
2017-02-20 00:00:00+00:00,85.0,,18.54603174603173,34.25396825396825,
2017-02-21 00:00:00+00:00,41.0,,19.755371900826443,26.352892561983467,
2017-02-22 00:00:00+00:00,52.0,,20.393103448275873,27.797413793103445,
2017-02-23 00:00:00+00:00,52.0,,21.032167832167833,33.37832167832166,
2017-02-24 00:00:00+00:00,33.0,,21.29078014184396,35.21702127659577,
2017-02-25 00:00:00+00:00,9.0,,20.50068493150684,34.54999999999996,
2017-02-26 00:00:00+00:00,9.0,,19.071034482758584,40.762758620689674,
2017-02-27 00:00:00+00:00,60.0,,19.478125000000013,38.29374999999999,
2017-02-28 00:00:00+00:00,55.0,,19.635384615384613,39.37692307692308,
2017-03-01 00:00:00+00:00,68.0,,20.16834532374101,36.88848920863306,
2017-03-02 00:00:00+00:00,43.0,,20.270000000000028,35.73083333333331,
2017-03-03 00:00:00+00:00,161.0,,19.87313432835821,36.16119402985075,
2017-03-04 00:00:00+00:00,10.0,,17.922695035460986,32.917730496453856,
2017-03-05 00:00:00+00:00,10.0,,17.294666666666654,49.15399999999998,
2017-03-06 00:00:00+00:00,78.0,,18.41328671328671,54.14685314685316,
2017-03-07 00:00:00+00:00,115.0,,20.324264705882342,43.58750000000001,
2017-03-08 00:00:00+00:00,64.0,,21.288976377952753,39.14803149606298,
2017-03-09 00:00:00+00:00,59.0,,22.26439393939393,36.84015151515152,
2017-03-10 00:00:00+00:00,70.0,,22.456390977443625,34.68270676691727,
2017-03-11 00:00:00+00:00,10.0,,22.8161971830986,36.1676056338028,
2017-03-12 00:00:00+00:00,18.0,,21.015231788079458,28.539735099337765,
2017-03-13 00:00:00+00:00,105.0,,19.915624999999988,23.753125000000004,
2017-03-14 00:00:00+00:00,69.0,,20.52790697674419,33.45038759689923,
2017-03-15 00:00:00+00:00,57.0,,21.052173913043447,28.928985507246377,
2017-03-16 00:00:00+00:00,56.0,,21.364122137404603,24.990076335877855,
2017-03-17 00:00:00+00:00,37.0,,21.411486486486496,23.50202702702702,
2017-03-18 00:00:00+00:00,11.0,,20.948026315789487,23.333552631578925,
2017-03-19 00:00:00+00:00,9.0,,20.57133333333332,28.44466666666665,
2017-03-20 00:00:00+00:00,9.0,,21.11125827814569,35.25960264900663,
2017-03-21 00:00:00+00:00,76.0,,20.422377622377628,31.837062937062925,
2017-03-22 00:00:00+00:00,62.0,,19.223943661971834,31.32746478873238,
2017-03-23 00:00:00+00:00,53.0,,17.60422535211266,29.372535211267596,
2017-03-24 00:00:00+00:00,37.0,,18.303289473684202,27.80921052631579,
2017-03-25 00:00:00+00:00,65.0,,17.697986577181215,35.51476510067115,
2017-03-26 00:00:00+00:00,2.0,,17.013245033112554,43.18344370860931,
2017-03-27 00:00:00+00:00,50.0,,17.31879194630873,47.358389261745,
2017-03-28 00:00:00+00:00,111.0,,18.688435374149645,44.45986394557825,
2017-03-29 00:00:00+00:00,127.0,,19.83146853146852,38.01958041958043,
2017-03-30 00:00:00+00:00,49.0,,20.67945205479453,36.413698630137006,
2017-03-31 00:00:00+00:00,46.0,,20.506338028169036,37.59084507042256,
2017-04-01 00:00:00+00:00,1.0,,19.59655172413794,33.0013793103448,
2017-04-02 00:00:00+00:00,0.0,,19.489115646258476,31.96734693877551,
2017-04-03 00:00:00+00:00,77.0,,19.71250000000001,32.338888888888896,
2017-04-04 00:00:00+00:00,60.0,,20.369999999999997,33.56166666666669,
2017-04-05 00:00:00+00:00,50.0,,20.57872340425531,28.261702127659582,
2017-04-06 00:00:00+00:00,59.0,,20.659999999999993,28.15103448275862,
2017-04-07 00:00:00+00:00,37.0,,20.867586206896526,29.77999999999999,
2017-04-08 00:00:00+00:00,0.0,,21.126490066225163,29.623178807947042,
2017-04-09 00:00:00+00:00,4.0,,21.21266666666668,29.407999999999998,
2017-04-10 00:00:00+00:00,9.0,,21.348322147650997,28.932214765100657,
2017-04-11 00:00:00+00:00,13.0,,21.694736842105275,28.056578947368422,
2017-04-12 00:00:00+00:00,8.0,,22.27417218543045,26.803311258278146,
2017-04-13 00:00:00+00:00,0.0,,22.782,29.184000000000015,
2017-04-14 00:00:00+00:00,2.0,,22.72980132450332,32.91390728476819,
2017-04-15 00:00:00+00:00,0.0,,22.605298013245008,32.21589403973509,
2017-04-16 00:00:00+00:00,0.0,,22.839473684210525,31.195394736842115,
2017-04-17 00:00:00+00:00,13.0,,23.296644295302013,28.283892617449673,
2017-04-18 00:00:00+00:00,104.0,,23.726530612244908,28.04353741496599,
2017-04-19 00:00:00+00:00,41.0,,23.930555555555554,28.74236111111111,
2017-04-20 00:00:00+00:00,50.0,,23.530281690140857,27.95422535211268,
2017-04-21 00:00:00+00:00,34.0,,22.775675675675693,23.437162162162146,
2017-04-22 00:00:00+00:00,0.0,,22.61842105263156,23.053947368421046,
2017-04-23 00:00:00+00:00,1.0,,22.663265306122444,25.153741496598645,
2017-04-24 00:00:00+00:00,0.0,,23.13933333333335,33.76333333333332,
2017-04-25 00:00:00+00:00,219.0,,23.008783783783784,37.841216216216225,
2017-04-26 00:00:00+00:00,55.0,,22.121804511278196,29.969172932330817,
2017-04-27 00:00:00+00:00,55.0,,21.858904109589062,23.07191780821918,
2017-04-28 00:00:00+00:00,44.0,,21.22291666666668,22.69444444444445,
2017-04-29 00:00:00+00:00,1.0,,20.957615894039748,36.745033112582796,
2017-04-30 00:00:00+00:00,0.0,,19.867549668874176,32.98609271523179,
2017-05-01 00:00:00+00:00,2.0,,19.648026315789487,24.557236842105276,
2017-05-02 00:00:00+00:00,85.0,,20.577622377622358,28.5111888111888,
2017-05-03 00:00:00+00:00,54.0,,21.739583333333336,30.694444444444457,
2017-05-04 00:00:00+00:00,63.0,,22.594520547945216,32.405479452054784,
2017-05-05 00:00:00+00:00,289.0,,22.11126760563381,40.37042253521127,
2017-05-06 00:00:00+00:00,1087.0,,21.359868421052596,36.017105263157916,
2017-05-07 00:00:00+00:00,1094.0,,21.77218543046355,33.5384105960265,
2017-05-08 00:00:00+00:00,262.0,,22.812413793103474,33.29034482758622,
2017-05-09 00:00:00+00:00,55.0,,23.49527027027026,31.668243243243236,
2017-05-10 00:00:00+00:00,85.0,,23.06258503401359,40.11768707482995,
2017-05-11 00:00:00+00:00,51.0,,21.79999999999999,44.2675675675676,
2017-05-12 00:00:00+00:00,4.0,,21.286754966887404,46.0953642384106,
2017-05-13 00:00:00+00:00,2.0,,21.057823129251705,42.29795918367348,
2017-05-14 00:00:00+00:00,2.0,,21.416,41.87133333333335,
2017-05-15 00:00:00+00:00,133.0,,22.228859060402684,42.12080536912751,
2017-05-16 00:00:00+00:00,105.0,,23.28482758620687,40.7227586206897,
2017-05-17 00:00:00+00:00,47.0,,24.207857142857144,40.492857142857126,
2017-05-18 00:00:00+00:00,109.0,,23.60405405405408,26.783108108108088,
2017-05-19 00:00:00+00:00,77.0,,23.233333333333334,21.482,
2017-05-20 00:00:00+00:00,1.0,,23.560264900662297,23.509271523178782,
2017-05-21 00:00:00+00:00,0.0,,23.752,25.860666666666614,
2017-05-22 00:00:00+00:00,121.0,,24.05069444444446,39.60486111111111,
2017-05-23 00:00:00+00:00,41.0,,25.00476190476193,31.435374149659896,
2017-05-24 00:00:00+00:00,27.0,,25.801351351351332,26.485135135135124,
2017-05-25 00:00:00+00:00,26.0,,26.5156462585034,27.844217687074867,
2017-05-26 00:00:00+00:00,0.0,,26.780132450331156,35.166887417218554,
2017-05-27 00:00:00+00:00,0.0,,26.5615894039735,36.945033112582756,
2017-05-28 00:00:00+00:00,0.0,,25.840268456375835,33.09463087248319,
2017-05-29 00:00:00+00:00,40.0,,25.231999999999996,32.646,
2017-05-30 00:00:00+00:00,124.0,,25.60833333333334,31.386805555555515,
2017-05-31 00:00:00+00:00,86.0,,26.120547945205466,30.608219178082194,
2017-06-01 00:00:00+00:00,51.0,,26.668666666666674,30.772666666666726,
2017-06-02 00:00:00+00:00,28.0,,27.15743243243245,27.181756756756755,
2017-06-03 00:00:00+00:00,0.0,,26.809271523178836,26.255629139072862,
2017-06-04 00:00:00+00:00,0.0,,26.40927152317883,23.404635761589393,
2017-06-05 00:00:00+00:00,42.0,,25.922448979591845,22.041496598639462,
2017-06-06 00:00:00+00:00,69.0,,25.564666666666685,27.587333333333348,
2017-06-07 00:00:00+00:00,49.0,,26.037583892617466,21.071140939597313,
2017-06-08 00:00:00+00:00,39.0,,26.663333333333355,23.460666666666665,
2017-06-09 00:00:00+00:00,61.0,,26.502054794520564,23.545890410958904,
2017-06-10 00:00:00+00:00,1.0,,27.00333333333333,25.417333333333335,
2017-06-11 00:00:00+00:00,0.0,,27.67399999999999,26.77266666666667,
2017-06-12 00:00:00+00:00,140.0,,28.377027027027033,26.077702702702716,
2017-06-13 00:00:00+00:00,46.0,,28.65302013422818,22.222818791946313,
2017-06-14 00:00:00+00:00,37.0,,28.491275167785233,26.16040268456376,
2017-06-15 00:00:00+00:00,50.0,,29.099324324324336,27.713513513513504,
2017-06-16 00:00:00+00:00,38.0,,29.62123287671236,25.158904109589052,
2017-06-17 00:00:00+00:00,0.0,,29.792715231788097,23.48609271523178,
2017-06-18 00:00:00+00:00,1.0,,29.87350993377485,22.829139072847653,
2017-06-19 00:00:00+00:00,295.0,,29.89024390243904,23.139024390243918,
2017-06-20 00:00:00+00:00,127.0,,29.33445945945946,24.79121621621622,
2017-06-21 00:00:00+00:00,65.0,,29.556462585034,26.739455782312927,
2017-06-22 00:00:00+00:00,124.0,,29.451724137931016,26.713793103448268,
2017-06-23 00:00:00+00:00,29.0,,29.105737704918027,16.395081967213116,
2017-06-24 00:00:00+00:00,0.0,,29.003947368421038,17.169078947368394,
2017-06-25 00:00:00+00:00,0.0,,28.63624161073825,21.764429530201312,
2017-06-26 00:00:00+00:00,218.0,,27.858000000000004,25.448000000000004,
2017-06-27 00:00:00+00:00,571.0,,26.95364238410596,26.966225165562886,
2017-06-28 00:00:00+00:00,375.0,,25.91148648648647,29.944594594594577,
2017-06-29 00:00:00+00:00,44.0,,24.68716216216215,22.262162162162163,
2017-06-30 00:00:00+00:00,54.0,,24.173825503355715,23.014093959731547,
2017-07-01 00:00:00+00:00,2.0,,24.46266666666667,17.98666666666666,
2017-07-02 00:00:00+00:00,2.0,,25.03026315789474,17.21973684210527,
2017-07-03 00:00:00+00:00,144.0,,26.164000000000005,18.013999999999992,
2017-07-04 00:00:00+00:00,56.0,,27.031972789115642,17.10680272108844,
2017-07-05 00:00:00+00:00,23.0,,27.112162162162157,29.3912162162162,
2017-07-06 00:00:00+00:00,42.0,,26.975496688741725,27.52582781456952,
2017-07-07 00:00:00+00:00,64.0,,26.445033112582827,29.678145695364247,
2017-07-08 00:00:00+00:00,0.0,,26.204635761589383,35.356291390728465,
2017-07-09 00:00:00+00:00,1.0,,26.49006622516555,34.96688741721859,
2017-07-10 00:00:00+00:00,39.0,,26.268456375838923,28.261073825503352,
2017-07-11 00:00:00+00:00,45.0,,27.009459459459457,24.96148648648647,
2017-07-12 00:00:00+00:00,20.0,,27.858940397351006,20.185430463576147,
2017-07-13 00:00:00+00:00,71.0,,28.814765100671156,17.720134228187913,
2017-07-14 00:00:00+00:00,17.0,,29.485333333333333,15.300666666666679,
2017-07-15 00:00:00+00:00,1.0,,29.738926174496648,12.121476510067115,
2017-07-16 00:00:00+00:00,2.0,,30.121476510067072,12.426174496644293,
2017-07-17 00:00:00+00:00,17.0,,30.140268456375825,12.032214765100681,
2017-07-18 00:00:00+00:00,25.0,,30.00400000000001,14.473333333333322,
2017-07-19 00:00:00+00:00,81.0,,29.067549668874165,24.728476821192057,
2017-07-20 00:00:00+00:00,23.0,,28.18807947019868,22.709271523178842,
2017-07-21 00:00:00+00:00,19.0,,27.321333333333325,20.025333333333336,
2017-07-22 00:00:00+00:00,3.0,,27.65894039735098,18.731788079470185,
2017-07-23 00:00:00+00:00,0.0,,28.000769230769215,20.043846153846186,
2017-07-24 00:00:00+00:00,18.0,,28.4,20.921495327102807,
2017-07-25 00:00:00+00:00,19.0,,28.555629139072845,16.185430463576157,
2017-07-26 00:00:00+00:00,14.0,,28.812500000000007,15.924999999999988,
2017-07-27 00:00:00+00:00,15.0,,29.249664429530217,16.00805369127519,
2017-07-28 00:00:00+00:00,24.0,,29.510000000000005,15.838571428571425,
2017-07-29 00:00:00+00:00,0.0,,29.68199999999997,18.98399999999999,
2017-07-30 00:00:00+00:00,0.0,,29.765306122448973,17.319047619047634,
2017-07-31 00:00:00+00:00,11.0,,29.049664429530218,15.955704697986572,
2017-08-01 00:00:00+00:00,0.0,,28.30794701986753,15.690066225165559,
2017-08-02 00:00:00+00:00,2.0,,28.37019867549671,15.439072847682127,
2017-08-03 00:00:00+00:00,1.0,,28.785135135135135,17.178378378378397,
2017-08-04 00:00:00+00:00,0.0,,29.4641891891892,22.825675675675683,
2017-08-05 00:00:00+00:00,1.0,,30.000662251655612,18.86754966887414,
2017-08-06 00:00:00+00:00,1.0,,30.012582781456953,17.54437086092714,
2017-08-07 00:00:00+00:00,0.0,,29.840397350993374,12.036423841059586,
2017-08-08 00:00:00+00:00,0.0,,28.77066666666667,13.540000000000008,
2017-08-09 00:00:00+00:00,3.0,,28.227999999999994,13.706000000000007,
2017-08-10 00:00:00+00:00,0.0,,27.821476510067118,9.4979865771812,
2017-08-11 00:00:00+00:00,2.0,,27.704026845637593,10.581208053691272,
2017-08-12 00:00:00+00:00,2.0,,27.816666666666666,10.075333333333337,
2017-08-13 00:00:00+00:00,0.0,,28.114569536423843,11.056953642384101,
2017-08-14 00:00:00+00:00,0.0,,28.470198675496693,15.206622516556287,
2017-08-15 00:00:00+00:00,1.0,,28.657615894039743,15.809933774834454,
2017-08-16 00:00:00+00:00,15.0,,28.5609271523179,14.39403973509934,
2017-08-17 00:00:00+00:00,11.0,,28.97417218543046,16.8483443708609,
2017-08-18 00:00:00+00:00,10.0,,29.402040816326558,16.112244897959197,
2017-08-19 00:00:00+00:00,0.0,,29.69054054054052,17.312837837837844,
2017-08-20 00:00:00+00:00,1.0,,30.00604026845636,17.20268456375837,
2017-08-21 00:00:00+00:00,12.0,,30.188079470198648,21.549668874172184,
2017-08-22 00:00:00+00:00,8.0,,30.338410596026485,19.99933774834441,
2017-08-23 00:00:00+00:00,8.0,,30.51721854304636,14.97814569536425,
2017-08-24 00:00:00+00:00,4.0,,30.008783783783773,14.058108108108113,
2017-08-25 00:00:00+00:00,33.0,,29.60945945945949,13.078378378378376,
2017-08-26 00:00:00+00:00,0.0,,29.448344370860895,12.093377483443705,
2017-08-27 00:00:00+00:00,6.0,,29.438666666666613,17.988666666666678,
2017-08-28 00:00:00+00:00,11.0,,28.523999999999983,23.49,
2017-08-29 00:00:00+00:00,13.0,,27.7489932885906,27.643624161073788,
2017-08-30 00:00:00+00:00,11.0,,27.046621621621625,26.571621621621638,
2017-08-31 00:00:00+00:00,65.0,,27.07162162162164,28.890540540540577,
2017-09-01 00:00:00+00:00,71.0,,27.221333333333344,22.48266666666669,
2017-09-02 00:00:00+00:00,1.0,,27.20200000000002,16.651333333333337,
2017-09-03 00:00:00+00:00,0.0,,27.236666666666668,13.211333333333336,
2017-09-04 00:00:00+00:00,42.0,,27.057432432432456,24.03918918918919,
2017-09-05 00:00:00+00:00,38.0,,27.397297297297296,27.953378378378364,
2017-09-06 00:00:00+00:00,36.0,,27.809999999999988,23.11133333333335,
2017-09-07 00:00:00+00:00,23.0,,27.903424657534256,18.6013698630137,
2017-09-08 00:00:00+00:00,0.0,,27.55000000000001,9.560000000000002,
2017-09-09 00:00:00+00:00,3.0,,26.672847682119176,16.888741721854334,
2017-09-10 00:00:00+00:00,1.0,,25.912666666666638,15.921333333333317,
2017-09-11 00:00:00+00:00,106.0,,26.099319727891142,21.423129251700676,
2017-09-12 00:00:00+00:00,48.0,,26.330666666666662,22.4,
2017-09-13 00:00:00+00:00,26.0,,26.57,22.170666666666662,
2017-09-14 00:00:00+00:00,47.0,,26.5019867549669,22.847682119205288,
2017-09-15 00:00:00+00:00,78.0,,25.670198675496692,15.013907284768214,
2017-09-16 00:00:00+00:00,1.0,,25.045637583892635,13.971812080536905,
2017-09-17 00:00:00+00:00,1.0,,24.550666666666668,12.662666666666677,
2017-09-18 00:00:00+00:00,70.0,,24.143624161073816,22.88859060402686,
2017-09-19 00:00:00+00:00,48.0,,24.44255319148937,23.77801418439717,
2017-09-20 00:00:00+00:00,54.0,,24.812666666666658,19.092666666666666,
2017-09-21 00:00:00+00:00,150.0,,25.288888888888906,19.92291666666667,
2017-09-22 00:00:00+00:00,168.0,,25.40763888888887,23.352083333333326,
2017-09-23 00:00:00+00:00,0.0,,25.550000000000015,21.346666666666657,
2017-09-24 00:00:00+00:00,2.0,,25.582666666666654,18.954666666666665,
2017-09-25 00:00:00+00:00,75.0,,25.234013605442186,22.355782312925196,
2017-09-26 00:00:00+00:00,58.0,,25.141549295774634,17.581690140845073,
2017-09-27 00:00:00+00:00,51.0,,25.071428571428573,15.799319727891172,
2017-09-28 00:00:00+00:00,101.0,,25.3304054054054,20.520945945945947,
2017-09-29 00:00:00+00:00,84.0,,25.641610738255046,25.10402684563759,
2017-09-30 00:00:00+00:00,0.0,,25.6496688741722,25.443708609271535,
2017-10-01 00:00:00+00:00,5.0,,25.547651006711426,25.896644295302035,
2017-10-02 00:00:00+00:00,113.0,,25.738571428571426,26.417142857142817,
2017-10-03 00:00:00+00:00,43.0,,26.50537634408604,27.02580645161288,
2017-10-04 00:00:00+00:00,124.0,,26.390000000000004,23.839999999999996,
2017-10-05 00:00:00+00:00,105.0,,26.340714285714288,22.919999999999998,
2017-10-06 00:00:00+00:00,28.0,,26.440410958904128,19.465753424657546,
2017-10-07 00:00:00+00:00,1.0,,25.956296296296312,10.233333333333334,
2017-10-08 00:00:00+00:00,1.0,,25.605555555555565,11.393055555555556,
2017-10-09 00:00:00+00:00,56.0,,25.07849462365591,12.635483870967743,
2017-10-10 00:00:00+00:00,47.0,,24.684137931034485,13.5496551724138,
2017-10-11 00:00:00+00:00,45.0,,24.35166666666665,14.276666666666664,
2017-10-12 00:00:00+00:00,2.0,,24.463448275862078,16.761379310344832,
2017-10-13 00:00:00+00:00,4.0,,24.51,25.465000000000003,
2017-10-14 00:00:00+00:00,0.0,,,,
2017-10-15 00:00:00+00:00,0.0,,,,
2017-10-16 00:00:00+00:00,0.0,,,,
2017-10-17 00:00:00+00:00,69.0,,24.807142857142857,36.635714285714286,
2017-10-18 00:00:00+00:00,133.0,,23.391304347826082,26.15869565217392,
2017-10-19 00:00:00+00:00,48.0,,22.623703703703708,31.223703703703663,
2017-10-20 00:00:00+00:00,47.0,,22.697260273972606,47.3712328767123,
2017-10-21 00:00:00+00:00,0.0,,22.724827586206906,44.52620689655174,
2017-10-22 00:00:00+00:00,1.0,,22.128859060402675,25.777181208053708,
2017-10-23 00:00:00+00:00,259.0,,22.06326530612244,25.782653061224483,
2017-10-24 00:00:00+00:00,244.0,,21.83333333333332,23.161111111111115,
2017-10-25 00:00:00+00:00,75.0,,22.235483870967744,23.57849462365592,
2017-10-26 00:00:00+00:00,49.0,,22.186400000000006,26.025600000000008,
2017-10-27 00:00:00+00:00,36.0,,22.476119402985088,23.94179104477612,
2017-10-28 00:00:00+00:00,3.0,,22.6252336448598,23.29906542056074,
2017-10-29 00:00:00+00:00,1.0,,22.310204081632655,22.378571428571426,
2017-10-30 00:00:00+00:00,98.0,,21.72205882352941,20.326470588235303,
2017-10-31 00:00:00+00:00,54.0,,21.628865979381438,23.24329896907216,
2017-11-01 00:00:00+00:00,0.0,,21.6330357142857,29.03303571428571,
2017-11-02 00:00:00+00:00,19.0,,21.575609756097567,35.48292682926827,
2017-11-03 00:00:00+00:00,0.0,,,,
2017-11-04 00:00:00+00:00,1.0,,20.519999999999996,45.10000000000001,
2017-11-05 00:00:00+00:00,1.0,,20.01076923076922,32.78461538461541,
2017-11-06 00:00:00+00:00,46.0,,19.498484848484843,28.496969696969703,
2017-11-07 00:00:00+00:00,55.0,,19.313095238095247,27.54166666666668,
2017-11-08 00:00:00+00:00,4.0,,18.84242424242424,33.26969696969698,
2017-11-09 00:00:00+00:00,42.0,,20.423188405797106,18.92463768115942,
2017-11-10 00:00:00+00:00,34.0,,20.287037037037045,21.533333333333335,
2017-11-11 00:00:00+00:00,2.0,,20.210714285714282,26.567857142857147,
2017-11-12 00:00:00+00:00,1.0,,19.547169811320753,24.54150943396226,
2017-11-13 00:00:00+00:00,58.0,,20.16280991735539,27.226446280991716,
2017-11-14 00:00:00+00:00,44.0,,20.15733333333335,19.788000000000007,
2017-11-15 00:00:00+00:00,46.0,,20.058536585365854,20.30365853658536,
2017-11-16 00:00:00+00:00,48.0,,20.62888888888889,20.78111111111111,
2017-11-17 00:00:00+00:00,28.0,,20.659574468085125,22.353191489361695,
2017-11-18 00:00:00+00:00,2.0,,20.061475409836056,21.968032786885246,
2017-11-19 00:00:00+00:00,2.0,,19.313223140495854,21.393388429752058,
2017-11-20 00:00:00+00:00,108.0,,19.58857142857143,21.795238095238087,
2017-11-21 00:00:00+00:00,57.0,,20.363934426229502,21.39426229508195,
2017-11-22 00:00:00+00:00,58.0,,20.67303370786517,20.12022471910112,
2017-11-23 00:00:00+00:00,47.0,,21.57647058823531,21.81344537815126,
2017-11-24 00:00:00+00:00,33.0,,22.049999999999997,31.506249999999984,
2017-11-25 00:00:00+00:00,1.0,,21.437719298245614,29.474561403508762,
2017-11-26 00:00:00+00:00,0.0,,20.265517241379314,25.481609195402285,
2017-11-27 00:00:00+00:00,56.0,,20.040206185567005,21.374226804123705,
2017-11-28 00:00:00+00:00,49.0,,20.482089552238804,30.532089552238784,
2017-11-29 00:00:00+00:00,58.0,,20.719727891156456,28.68027210884354,
2017-11-30 00:00:00+00:00,73.0,,20.16168224299065,18.485981308411215,
2017-12-01 00:00:00+00:00,35.0,,19.724038461538456,18.60865384615385,
2017-12-02 00:00:00+00:00,1.0,,18.37816091954023,17.318390804597698,
2017-12-03 00:00:00+00:00,1.0,,16.955639097744367,18.763909774436105,
2017-12-04 00:00:00+00:00,50.0,,17.0123595505618,19.19325842696628,
2017-12-05 00:00:00+00:00,34.0,,18.218881118881104,20.116783216783233,
2017-12-06 00:00:00+00:00,4.0,,16.837671232876712,19.579452054794512,
2017-12-07 00:00:00+00:00,14.0,,17.01111111111112,19.958333333333332,
2017-12-08 00:00:00+00:00,0.0,,17.063333333333336,26.960000000000015,
2017-12-09 00:00:00+00:00,0.0,,16.804878048780495,46.87682926829268,
2017-12-10 00:00:00+00:00,1.0,,16.28048780487804,53.06585365853659,
2017-12-11 00:00:00+00:00,54.0,,16.835365853658534,39.993902439024396,
2017-12-12 00:00:00+00:00,47.0,,17.78145161290322,25.56935483870968,
2017-12-13 00:00:00+00:00,49.0,,18.168055555555554,25.06805555555555,
2017-12-14 00:00:00+00:00,76.0,,19.191735537190077,42.4231404958678,
2017-12-15 00:00:00+00:00,41.0,,19.279411764705888,42.47941176470589,
2017-12-16 00:00:00+00:00,0.0,,18.21194029850746,23.526865671641804,
2017-12-17 00:00:00+00:00,2.0,,16.65185185185186,22.29333333333333,
2017-12-18 00:00:00+00:00,53.0,,17.127966101694913,22.337288135593226,
2017-12-19 00:00:00+00:00,42.0,,18.330158730158736,24.44285714285715,
2017-12-20 00:00:00+00:00,38.0,,18.493023255813952,20.72558139534884,
2017-12-21 00:00:00+00:00,153.0,,18.854074074074084,20.994074074074085,
2017-12-22 00:00:00+00:00,23.0,,19.06560000000001,23.399199999999997,
2017-12-23 00:00:00+00:00,0.0,,18.052100840336124,25.265546218487398,
2017-12-24 00:00:00+00:00,2.0,,16.897692307692314,29.922307692307715,
2017-12-25 00:00:00+00:00,0.0,,16.20916030534352,36.56106870229007,
2017-12-26 00:00:00+00:00,16.0,,15.4595744680851,45.00851063829787,
2017-12-27 00:00:00+00:00,4.0,,14.86741573033708,45.02921348314606,
2017-12-28 00:00:00+00:00,10.0,,15.207142857142866,63.85535714285716,
2017-12-29 00:00:00+00:00,32.0,,15.560377358490555,67.96981132075472,
2017-12-30 00:00:00+00:00,0.0,,15.98396946564885,60.109160305343515,
2017-12-31 00:00:00+00:00,1.0,,15.814925373134328,51.8231343283582,
2018-01-01 00:00:00+00:00,1.0,,15.185567010309281,44.902061855670105,
2018-01-02 00:00:00+00:00,7.0,,14.812676056338038,51.5830985915493,
2018-01-03 00:00:00+00:00,8.0,,15.335820895522394,63.86716417910447,
2018-01-04 00:00:00+00:00,10.0,,15.442857142857136,63.98403361344542,
2018-01-05 00:00:00+00:00,5.0,,15.13950617283953,59.07654320987654,
2018-01-06 00:00:00+00:00,0.0,,14.209433962264134,39.06603773584905,
2018-01-07 00:00:00+00:00,2.0,,13.195744680851082,36.481914893616995,
2018-01-08 00:00:00+00:00,86.0,,14.731746031746034,37.60634920634919,
2018-01-09 00:00:00+00:00,32.0,,15.918181818181814,32.47727272727273,
2018-01-10 00:00:00+00:00,28.0,,17.664864864864857,40.35270270270269,
2018-01-11 00:00:00+00:00,126.0,,17.314084507042256,33.12957746478874,
2018-01-12 00:00:00+00:00,46.0,,17.752857142857145,27.068571428571428,
2018-01-13 00:00:00+00:00,0.0,,16.614606741573038,34.01460674157303,
2018-01-14 00:00:00+00:00,2.0,,15.136752136752131,35.73333333333335,
2018-01-15 00:00:00+00:00,40.0,,16.090090090090087,29.522522522522525,
2018-01-16 00:00:00+00:00,38.0,,17.643442622950836,34.19344262295083,
2018-01-17 00:00:00+00:00,49.0,,18.647967479674787,38.01544715447157,
2018-01-18 00:00:00+00:00,24.0,,18.829166666666666,30.49027777777778,
2018-01-19 00:00:00+00:00,29.0,,19.159322033898306,27.666101694915252,
2018-01-20 00:00:00+00:00,2.0,,18.73571428571429,27.22857142857143,
2018-01-21 00:00:00+00:00,2.0,,17.792307692307688,36.011538461538464,
2018-01-22 00:00:00+00:00,29.0,,18.341509433962283,36.57547169811321,
2018-01-23 00:00:00+00:00,30.0,,18.98595041322313,33.787603305785154,
2018-01-24 00:00:00+00:00,53.0,,19.087969924812022,33.731578947368426,
2018-01-25 00:00:00+00:00,38.0,,19.287356321839095,32.252873563218394,
2018-01-26 00:00:00+00:00,0.0,,17.439534883720935,25.083720930232573,
2018-01-27 00:00:00+00:00,0.0,,15.984090909090908,27.25227272727274,
2018-01-28 00:00:00+00:00,2.0,,15.337777777777793,28.952222222222204,
2018-01-29 00:00:00+00:00,28.0,,15.588888888888883,36.58148148148148,
2018-01-30 00:00:00+00:00,54.0,,18.105479452054798,28.453424657534253,
2018-01-31 00:00:00+00:00,44.0,,18.44827586206896,27.241379310344833,
2018-02-01 00:00:00+00:00,44.0,,19.142201834862377,24.62018348623852,
2018-02-02 00:00:00+00:00,30.0,,18.768421052631563,18.238947368421055,
2018-02-03 00:00:00+00:00,1.0,,17.42644628099173,21.31570247933887,
2018-02-04 00:00:00+00:00,0.0,,15.988636363636358,26.881818181818186,
2018-02-05 00:00:00+00:00,31.0,,16.62948717948719,22.444871794871794,
2018-02-06 00:00:00+00:00,41.0,,17.819148936170212,17.61489361702127,
2018-02-07 00:00:00+00:00,32.0,,18.106194690265482,16.453097345132743,
2018-02-08 00:00:00+00:00,50.0,,17.869298245614036,14.638596491228082,
2018-02-09 00:00:00+00:00,22.0,,17.96464646464646,21.11414141414141,
2018-02-10 00:00:00+00:00,0.0,,17.33235294117647,22.795098039215695,
2018-02-11 00:00:00+00:00,1.0,,16.57307692307692,29.71923076923077,
2018-02-12 00:00:00+00:00,81.0,,17.809375000000003,27.321874999999984,
2018-02-13 00:00:00+00:00,45.0,,18.007575757575758,23.45757575757576,
2018-02-14 00:00:00+00:00,53.0,,19.506329113924032,31.95949367088609,
2018-02-15 00:00:00+00:00,67.0,,20.256,35.146666666666654,
2018-02-16 00:00:00+00:00,36.0,,20.60285714285714,34.18142857142857,
2018-02-17 00:00:00+00:00,0.0,,19.885840707964608,31.269026548672578,
2018-02-18 00:00:00+00:00,1.0,,18.992105263157896,26.64473684210527,
2018-02-19 00:00:00+00:00,48.0,,19.412500000000016,22.949038461538446,
2018-02-20 00:00:00+00:00,53.0,,20.12258064516129,23.822580645161285,
2018-02-21 00:00:00+00:00,42.0,,20.68275862068966,20.217241379310344,
2018-02-22 00:00:00+00:00,66.0,,20.256578947368418,13.914473684210535,
2018-02-23 00:00:00+00:00,35.0,,20.182105263157883,12.842105263157897,
2018-02-24 00:00:00+00:00,2.0,,18.67846153846155,12.086153846153836,
2018-02-25 00:00:00+00:00,1.0,,17.6204918032787,16.60819672131148,
2018-02-26 00:00:00+00:00,61.0,,18.256521739130427,19.77391304347826,
2018-02-27 00:00:00+00:00,53.0,,19.56280991735536,34.99917355371897,
2018-02-28 00:00:00+00:00,49.0,,19.733333333333327,44.56222222222221,
2018-03-01 00:00:00+00:00,47.0,,19.804878048780488,41.69756097560976,
2018-03-02 00:00:00+00:00,60.0,,19.50333333333333,37.570000000000014,
2018-03-03 00:00:00+00:00,2.0,,18.207692307692305,41.55384615384616,
2018-03-04 00:00:00+00:00,3.0,,17.392857142857142,43.38571428571429,
2018-03-05 00:00:00+00:00,78.0,,17.507999999999996,39.72800000000001,
2018-03-06 00:00:00+00:00,106.0,,18.461904761904766,34.93809523809524,
2018-03-07 00:00:00+00:00,67.0,,19.39375,25.88125,
2018-03-08 00:00:00+00:00,64.0,,19.669473684210526,40.76210526315789,
2018-03-09 00:00:00+00:00,31.0,,20.025641025641033,48.3974358974359,
2018-03-10 00:00:00+00:00,0.0,,18.816216216216215,44.21081081081081,
2018-03-11 00:00:00+00:00,1.0,,16.872,40.38,
2018-03-12 00:00:00+00:00,53.0,,17.567213114754097,38.1311475409836,
2018-03-13 00:00:00+00:00,73.0,,19.444166666666657,40.58666666666667,
2018-03-14 00:00:00+00:00,54.0,,19.75206611570249,44.95867768595042,
2018-03-15 00:00:00+00:00,64.0,,19.147107438016526,35.700826446281,
2018-03-16 00:00:00+00:00,46.0,,19.255769230769236,30.77692307692308,
2018-03-17 00:00:00+00:00,0.0,,17.889795918367355,34.77142857142857,
2018-03-18 00:00:00+00:00,1.0,,16.956923076923093,33.20461538461539,
2018-03-19 00:00:00+00:00,46.0,,17.448648648648653,35.004504504504496,
2018-03-20 00:00:00+00:00,51.0,,18.29245283018868,21.176415094339635,
2018-03-21 00:00:00+00:00,44.0,,19.248,18.965999999999998,
2018-03-22 00:00:00+00:00,56.0,,19.9179104477612,17.51194029850746,
2018-03-23 00:00:00+00:00,28.0,,19.125925925925927,33.72592592592593,
2018-03-24 00:00:00+00:00,2.0,,17.74444444444445,31.288888888888877,
2018-03-25 00:00:00+00:00,1.0,,16.29999999999999,30.444000000000003,
2018-03-26 00:00:00+00:00,2.0,,16.783157894736842,28.30842105263158,
2018-03-27 00:00:00+00:00,0.0,,17.33412698412699,33.557142857142864,
2018-03-28 00:00:00+00:00,1.0,,17.82162162162162,31.04594594594594,
2018-03-29 00:00:00+00:00,1.0,,17.212745098039214,31.88235294117647,
2018-03-30 00:00:00+00:00,0.0,,,,
2018-03-31 00:00:00+00:00,0.0,,,,
2018-04-01 00:00:00+00:00,1.0,,,,
2018-04-02 00:00:00+00:00,51.0,,,,
2018-04-03 00:00:00+00:00,48.0,,19.848275862068967,33.62758620689655,
2018-04-04 00:00:00+00:00,59.0,,19.33846153846154,38.263461538461556,
2018-04-05 00:00:00+00:00,57.0,,20.379207920792076,34.00594059405939,
2018-04-06 00:00:00+00:00,30.0,,21.102777777777774,34.29444444444445,
2018-04-07 00:00:00+00:00,3.0,,19.677777777777777,34.15555555555556,
2018-04-08 00:00:00+00:00,1.0,,18.596078431372558,34.94019607843135,
2018-04-09 00:00:00+00:00,55.0,,17.806730769230782,34.96153846153846,
2018-04-10 00:00:00+00:00,41.0,,17.926666666666673,38.32666666666667,
2018-04-11 00:00:00+00:00,82.0,,18.215384615384625,28.038461538461533,
2018-04-12 00:00:00+00:00,109.0,8.565000000000001,18.568749999999998,35.52083333333332,
2018-04-13 00:00:00+00:00,66.0,10.220833333333333,18.92285714285714,34.61714285714287,
2018-04-14 00:00:00+00:00,2.0,13.379166666666668,19.321518987341765,34.10506329113925,
2018-04-15 00:00:00+00:00,3.0,11.029166666666667,18.65873015873018,43.57142857142857,
2018-04-16 00:00:00+00:00,62.0,12.052380952380954,18.650000000000013,37.476865671641804,
2018-04-17 00:00:00+00:00,84.0,14.154166666666669,19.16341463414634,36.204878048780486,
2018-04-18 00:00:00+00:00,101.0,17.895833333333332,20.406666666666663,38.20666666666668,
2018-04-19 00:00:00+00:00,60.0,18.333333333333332,20.946875000000002,38.746875,
2018-04-20 00:00:00+00:00,43.0,17.025000000000002,21.270833333333332,37.145833333333336,
2018-04-21 00:00:00+00:00,3.0,14.691666666666665,20.86521739130435,42.65217391304348,
2018-04-22 00:00:00+00:00,1.0,15.991666666666667,20.488235294117665,49.387058823529394,
2018-04-23 00:00:00+00:00,0.0,19.22916666666667,20.700000000000003,49.3590909090909,
2018-04-24 00:00:00+00:00,46.0,19.729166666666664,21.60898876404494,39.49775280898874,
2018-04-25 00:00:00+00:00,61.0,20.650000000000002,22.21044776119403,39.79701492537311,
2018-04-26 00:00:00+00:00,53.0,21.004166666666666,23.02758620689655,39.01379310344827,
2018-04-27 00:00:00+00:00,44.0,16.1125,22.19545454545455,29.681818181818176,
2018-04-28 00:00:00+00:00,1.0,10.362499999999999,20.84805194805196,25.08051948051947,
2018-04-29 00:00:00+00:00,1.0,9.250000000000004,19.315384615384616,30.26538461538462,
2018-04-30 00:00:00+00:00,26.0,10.049999999999999,18.490804597701146,27.950574712643682,
2018-05-01 00:00:00+00:00,0.0,11.720833333333333,18.661224489795917,29.03061224489796,
2018-05-02 00:00:00+00:00,88.0,11.970833333333333,18.7421052631579,28.3298245614035,
2018-05-03 00:00:00+00:00,124.0,15.087500000000006,18.58695652173913,36.24347826086956,
2018-05-04 00:00:00+00:00,54.0,13.612499999999999,19.382051282051282,28.9128205128205,
2018-05-05 00:00:00+00:00,0.0,15.187500000000004,19.684883720930227,33.59418604651163,
2018-05-06 00:00:00+00:00,0.0,,,,
2018-05-07 00:00:00+00:00,44.0,21.756250000000005,21.967567567567563,42.57027027027027,
2018-05-08 00:00:00+00:00,63.0,20.425,22.14054054054054,47.35945945945946,
2018-05-09 00:00:00+00:00,81.0,18.183333333333334,22.486363636363638,44.06363636363637,
2018-05-10 00:00:00+00:00,52.0,17.85714285714286,22.311764705882357,36.72352941176471,
2018-05-11 00:00:00+00:00,9.0,19.07083333333333,22.856249999999992,38.66041666666666,
2018-05-12 00:00:00+00:00,0.0,14.137499999999998,21.951020408163256,27.682653061224467,
2018-05-13 00:00:00+00:00,2.0,12.800000000000002,20.95555555555556,21.836111111111112,
2018-05-14 00:00:00+00:00,67.0,15.56086956521739,21.20941176470588,28.78588235294118,
2018-05-15 00:00:00+00:00,147.0,17.320833333333333,21.44347826086956,27.017391304347825,
2018-05-16 00:00:00+00:00,75.0,19.724999999999998,22.50694444444446,27.826388888888893,
2018-05-17 00:00:00+00:00,86.0,20.8,23.268749999999997,26.740625000000005,
2018-05-18 00:00:00+00:00,36.0,15.220833333333333,22.709821428571438,38.606249999999996,
2018-05-19 00:00:00+00:00,3.0,16.575,22.171111111111113,38.92222222222222,
2018-05-20 00:00:00+00:00,1.0,16.39166666666667,21.984210526315795,42.19473684210526,
2018-05-21 00:00:00+00:00,35.0,17.504166666666666,21.89649122807018,39.97719298245614,
2018-05-22 00:00:00+00:00,42.0,19.575,22.712499999999995,37.75535714285714,
2018-05-23 00:00:00+00:00,36.0,20.645833333333336,23.194814814814812,38.46592592592591,
2018-05-24 00:00:00+00:00,35.0,17.008333333333336,22.850000000000005,45.2,
2018-05-25 00:00:00+00:00,64.0,15.091666666666667,21.98166666666667,42.97166666666667,
2018-05-26 00:00:00+00:00,153.0,16.591666666666665,21.894915254237294,40.19406779661018,
2018-05-27 00:00:00+00:00,3.0,17.812500000000004,22.009821428571435,44.59285714285715,
2018-05-28 00:00:00+00:00,53.0,12.754545454545452,21.471874999999994,42.77187500000001,
2018-05-29 00:00:00+00:00,74.0,,21.45454545454546,41.22727272727273,
2018-05-30 00:00:00+00:00,37.0,16.028571428571432,21.300000000000004,43.59411764705882,
2018-05-31 00:00:00+00:00,35.0,16.520833333333332,21.30762711864406,39.39745762711861,
2018-06-01 00:00:00+00:00,2.0,15.700000000000001,21.515037593984967,34.40225563909775,
2018-06-02 00:00:00+00:00,1.0,18.025000000000002,21.755474452554733,36.091240875912405,
2018-06-03 00:00:00+00:00,0.0,16.95,21.93396226415094,38.54150943396226,
2018-06-04 00:00:00+00:00,55.0,14.858333333333333,21.107575757575766,37.033333333333324,
2018-06-05 00:00:00+00:00,41.0,14.625000000000005,20.57692307692308,39.207692307692305,
2018-06-06 00:00:00+00:00,37.0,17.583333333333332,20.918803418803428,43.482905982905976,
2018-06-07 00:00:00+00:00,34.0,17.02272727272727,20.990825688073386,47.89357798165139,
2018-06-08 00:00:00+00:00,31.0,16.445833333333336,21.05638297872341,45.01702127659574,
2018-06-09 00:00:00+00:00,0.0,16.075,20.95057471264368,39.72643678160916,
2018-06-10 00:00:00+00:00,3.0,15.487499999999999,20.586619718309883,47.48943661971831,
2018-06-11 00:00:00+00:00,60.0,16.970833333333335,20.41472868217055,44.95116279069767,
2018-06-12 00:00:00+00:00,42.0,20.3625,21.45692307692307,43.08153846153844,
2018-06-13 00:00:00+00:00,34.0,21.891666666666666,22.686554621848742,41.22605042016807,
2018-06-14 00:00:00+00:00,34.0,22.704166666666666,23.603370786516866,31.975280898876417,
2018-06-15 00:00:00+00:00,49.0,25.45833333333333,24.399145299145296,29.614529914529914,
2018-06-16 00:00:00+00:00,2.0,26.976923076923086,25.15555555555555,35.26666666666667,
2018-06-17 00:00:00+00:00,1.0,27.412500000000005,26.313402061855662,28.959793814433006,
2018-06-18 00:00:00+00:00,77.0,26.00967741935484,26.64380165289254,26.930578512396675,
2018-06-19 00:00:00+00:00,39.0,27.86296296296297,26.770731707317083,27.48536585365853,
2018-06-20 00:00:00+00:00,54.0,27.428571428571423,27.216326530612253,30.740816326530624,
2018-06-21 00:00:00+00:00,55.0,27.581481481481493,27.180487804878055,32.429268292682934,
2018-06-22 00:00:00+00:00,37.0,27.566666666666666,27.321739130434782,35.32086956521738,
2018-06-23 00:00:00+00:00,2.0,28.947999999999997,27.38108108108108,39.43513513513513,
2018-06-24 00:00:00+00:00,2.0,30.823333333333338,28.15434782608696,32.05362318840576,
2018-06-25 00:00:00+00:00,118.0,26.557692307692303,28.077380952380942,35.21547619047618,
2018-06-26 00:00:00+00:00,47.0,24.30370370370371,27.56666666666667,30.506060606060604,
2018-06-27 00:00:00+00:00,37.0,22.12571428571428,26.700000000000006,27.45471698113207,
2018-06-28 00:00:00+00:00,128.0,23.63548387096774,26.48545454545454,30.54909090909091,
2018-06-29 00:00:00+00:00,26.0,24.83125,26.759595959595977,25.22121212121212,
2018-06-30 00:00:00+00:00,29.0,19.941176470588232,26.347552447552467,35.26013986013986,
2018-07-01 00:00:00+00:00,35.0,20.09032258064516,25.685915492957744,35.14859154929576,
2018-07-02 00:00:00+00:00,31.0,20.02592592592592,25.1,37.20705882352941,
2018-07-03 00:00:00+00:00,22.0,22.353571428571424,25.291428571428565,34.19285714285714,
2018-07-04 00:00:00+00:00,23.0,21.00227272727273,24.851199999999984,30.29840000000001,
2018-07-05 00:00:00+00:00,22.0,22.153333333333332,25.02824427480915,31.807633587786274,
2018-07-06 00:00:00+00:00,6.0,19.583333333333332,24.99655172413793,37.0,
2018-07-07 00:00:00+00:00,0.0,,26.5,30.95,
2018-07-08 00:00:00+00:00,2.0,,26.90599999999998,29.85599999999999,
2018-07-09 00:00:00+00:00,31.0,,27.42824427480917,27.55801526717557,
2018-07-10 00:00:00+00:00,25.0,29.467441860465115,28.07227722772278,30.19504950495048,
2018-07-11 00:00:00+00:00,24.0,22.697142857142858,26.609558823529447,40.30073529411767,
2018-07-12 00:00:00+00:00,37.0,25.317647058823532,26.92413793103448,29.581034482758618,
2018-07-13 00:00:00+00:00,32.0,24.581818181818182,26.967441860465115,32.504651162790694,
2018-07-14 00:00:00+00:00,1.0,24.206666666666667,27.044827586206907,29.704310344827633,
2018-07-15 00:00:00+00:00,1.0,22.079411764705885,26.64084507042254,29.6007042253521,
2018-07-16 00:00:00+00:00,39.0,38.55813953488373,26.237078651685398,31.462921348314605,
2018-07-17 00:00:00+00:00,29.0,26.98461538461538,26.75824175824176,28.795604395604393,
2018-07-18 00:00:00+00:00,26.0,24.550000000000004,26.824,28.525333333333336,
2018-07-19 00:00:00+00:00,47.0,23.47608695652174,26.38524590163934,27.2360655737705,
2018-07-20 00:00:00+00:00,22.0,24.540740740740738,26.456410256410262,31.44102564102563,
2018-07-21 00:00:00+00:00,0.0,26.105555555555554,26.584210526315793,28.298947368421043,
2018-07-22 00:00:00+00:00,1.0,27.12105263157895,27.222302158273394,26.290647482014368,
2018-07-23 00:00:00+00:00,21.0,27.312499999999993,27.69071428571429,27.35785714285717,
2018-07-24 00:00:00+00:00,20.0,23.560975609756092,27.392307692307675,27.026153846153832,
2018-07-25 00:00:00+00:00,13.0,26.71162790697674,27.45833333333332,26.41083333333332,
2018-07-26 00:00:00+00:00,12.0,22.851999999999997,27.08455284552846,32.10975609756099,
2018-07-27 00:00:00+00:00,15.0,25.24772727272727,27.369465648854934,27.58931297709925,
2018-07-28 00:00:00+00:00,0.0,23.65686274509805,27.244615384615386,26.403076923076927,
2018-07-29 00:00:00+00:00,0.0,21.878723404255318,26.982417582417572,25.534065934065943,
2018-07-30 00:00:00+00:00,16.0,26.677777777777784,27.06891891891892,26.85675675675678,
2018-07-31 00:00:00+00:00,11.0,28.095121951219507,27.342307692307706,31.146153846153837,
2018-08-01 00:00:00+00:00,1.0,30.47692307692308,28.025619834710756,26.162809917355382,
2018-08-02 00:00:00+00:00,0.0,33.68000000000001,28.706923076923076,19.559230769230755,
2018-08-03 00:00:00+00:00,1.0,34.302325581395344,29.295798319327734,18.67394957983193,
2018-08-04 00:00:00+00:00,1.0,33.229787234042554,29.946491228070176,18.963157894736835,
2018-08-05 00:00:00+00:00,1.0,33.51190476190476,30.3650406504065,18.04715447154474,
2018-08-06 00:00:00+00:00,1.0,32.91000000000001,30.593233082706767,16.06315789473685,
2018-08-07 00:00:00+00:00,2.0,27.64883720930233,30.365546218487385,15.631932773109256,
2018-08-08 00:00:00+00:00,1.0,25.016363636363632,30.157031250000014,18.3546875,
2018-08-09 00:00:00+00:00,0.0,23.847457627118647,29.313541666666676,17.427083333333332,
2018-08-10 00:00:00+00:00,1.0,25.50833333333334,29.019626168224285,14.031775700934578,
2018-08-11 00:00:00+00:00,1.0,28.464406779661026,29.107299270073,16.205839416058375,
2018-08-12 00:00:00+00:00,0.0,28.003174603174585,29.415972222222234,18.148611111111133,
2018-08-13 00:00:00+00:00,1.0,23.48095238095238,28.995604395604396,25.339560439560437,
2018-08-14 00:00:00+00:00,2.0,20.438888888888883,28.722499999999997,24.167499999999997,
2018-08-15 00:00:00+00:00,0.0,,,,
2018-08-16 00:00:00+00:00,7.0,,,,
2018-08-17 00:00:00+00:00,8.0,28.930000000000014,29.073333333333323,20.688333333333315,
2018-08-18 00:00:00+00:00,0.0,26.633846153846154,29.106862745098052,22.04803921568627,
2018-08-19 00:00:00+00:00,1.0,28.17631578947369,29.250806451612863,24.30806451612902,
2018-08-20 00:00:00+00:00,15.0,30.104000000000006,29.477499999999985,24.017499999999995,
2018-08-21 00:00:00+00:00,0.0,24.52352941176471,29.335135135135125,23.143243243243244,
2018-08-22 00:00:00+00:00,0.0,,,,
2018-08-23 00:00:00+00:00,0.0,,,,
2018-08-24 00:00:00+00:00,8.0,30.42413793103448,29.31320754716981,19.349056603773576,
2018-08-25 00:00:00+00:00,0.0,27.80684931506851,29.277500000000014,12.98375,
2018-08-26 00:00:00+00:00,2.0,27.1320987654321,29.156390977443625,13.03308270676691,
2018-08-27 00:00:00+00:00,7.0,28.717741935483865,29.123972602739727,15.1335616438356,
2018-08-28 00:00:00+00:00,8.0,27.118749999999988,28.915646258503404,26.772108843537435,
2018-08-29 00:00:00+00:00,10.0,21.926666666666677,28.21101694915259,27.63050847457627,
2018-08-30 00:00:00+00:00,12.0,27.472289156626506,28.257009345794373,25.556074766355103,
2018-08-31 00:00:00+00:00,9.0,28.77241379310346,28.54651162790698,20.92093023255814,
2018-09-01 00:00:00+00:00,1.0,28.65454545454544,28.86744186046511,18.544961240310087,
2018-09-02 00:00:00+00:00,1.0,30.638679245283033,29.245736434108505,24.06899224806202,
2018-09-03 00:00:00+00:00,31.0,24.53052631578948,28.622535211267582,32.3492957746479,
2018-09-04 00:00:00+00:00,27.0,22.108139534883716,27.62807017543859,28.955263157894716,
2018-09-05 00:00:00+00:00,26.0,21.948245614035066,26.574399999999965,30.885600000000007,
2018-09-06 00:00:00+00:00,20.0,21.656880733944977,26.079310344827594,30.72758620689654,
2018-09-07 00:00:00+00:00,20.0,24.752112676056342,26.44392523364486,23.905607476635506,
2018-09-08 00:00:00+00:00,0.0,23.442342342342343,26.638732394366198,26.95211267605634,
2018-09-09 00:00:00+00:00,1.0,22.24234234234232,26.474999999999994,31.183088235294093,
2018-09-10 00:00:00+00:00,53.0,23.664485981308406,26.471212121212123,26.306060606060612,
2018-09-11 00:00:00+00:00,45.0,25.543000000000003,26.94107142857143,27.623214285714283,
2018-09-12 00:00:00+00:00,44.0,26.046666666666646,27.065925925925917,29.10888888888889,
2018-09-13 00:00:00+00:00,38.0,27.53592233009708,27.371774193548383,26.59596774193547,
2018-09-14 00:00:00+00:00,30.0,26.535937500000006,27.507638888888877,27.900694444444422,
2018-09-15 00:00:00+00:00,0.0,23.24403669724771,27.231896551724162,36.91982758620688,
2018-09-16 00:00:00+00:00,3.0,25.914999999999992,27.246153846153867,35.36813186813186,
2018-09-17 00:00:00+00:00,368.0,24.164485981308392,26.978571428571446,35.95,
2018-09-18 00:00:00+00:00,49.0,24.777227722772256,26.875609756097553,36.4390243902439,
2018-09-19 00:00:00+00:00,95.0,24.232173913043475,26.983636363636357,28.601818181818235,
2018-09-20 00:00:00+00:00,188.0,26.216883116883125,27.19787234042553,27.44680851063829,
2018-09-21 00:00:00+00:00,64.0,25.79263157894734,27.132727272727273,25.221818181818175,
2018-09-22 00:00:00+00:00,2.0,24.445161290322588,27.18059701492537,26.947761194029862,
2018-09-23 00:00:00+00:00,1.0,,,,
2018-09-24 00:00:00+00:00,41.0,,,,
2018-09-25 00:00:00+00:00,62.0,,,,
2018-09-26 00:00:00+00:00,86.0,,,,
2018-09-27 00:00:00+00:00,61.0,,,,
2018-09-28 00:00:00+00:00,195.0,,,,
2018-09-29 00:00:00+00:00,1.0,,,,
2018-09-30 00:00:00+00:00,1.0,,,,
2018-10-01 00:00:00+00:00,108.0,,,,
2018-10-02 00:00:00+00:00,57.0,,,,
2018-10-03 00:00:00+00:00,56.0,,,,
2018-10-04 00:00:00+00:00,112.0,26.823999999999998,25.304761904761904,16.523809523809526,
2018-10-05 00:00:00+00:00,61.0,25.53287671232878,,,
2018-10-06 00:00:00+00:00,1.0,24.195384615384643,,,
2018-10-07 00:00:00+00:00,2.0,17.465979381443304,,,
2018-10-08 00:00:00+00:00,97.0,18.0264705882353,,,
2018-10-09 00:00:00+00:00,89.0,17.97421875000001,23.701388888888896,22.479166666666657,
2018-10-10 00:00:00+00:00,79.0,17.244000000000007,23.42867132867133,29.097902097902118,
2018-10-11 00:00:00+00:00,70.0,18.692592592592597,23.613709677419326,45.81451612903226,
2018-10-12 00:00:00+00:00,0.0,20.329457364341074,23.69666666666666,40.28416666666668,
2018-10-13 00:00:00+00:00,1.0,22.79379844961239,24.1,38.8,
2018-10-14 00:00:00+00:00,2.0,15.480208333333323,,,
2018-10-15 00:00:00+00:00,84.0,12.687878787878768,,,
2018-10-16 00:00:00+00:00,72.0,14.27070063694266,,,
2018-10-17 00:00:00+00:00,83.0,17.24701492537314,,,
2018-10-18 00:00:00+00:00,222.0,24.080555555555552,21.710937500000007,43.7796875,
2018-10-19 00:00:00+00:00,19.0,16.223121387283243,21.414285714285736,49.742857142857176,
2018-10-20 00:00:00+00:00,1.0,17.560975609756074,21.300000000000008,48.6404255319149,
2018-10-21 00:00:00+00:00,93.0,17.925324675324646,21.357777777777788,49.01703703703705,
2018-10-22 00:00:00+00:00,132.0,20.14920634920635,21.681506849315074,49.386301369863,
2018-10-23 00:00:00+00:00,87.0,17.621192052980113,21.752777777777794,48.37500000000003,
2018-10-24 00:00:00+00:00,79.0,17.611842105263133,21.89202898550726,47.12753623188405,
2018-10-25 00:00:00+00:00,128.0,16.277419354838695,21.784158415841596,38.01386138613862,
2018-10-26 00:00:00+00:00,61.0,16.36173469387757,21.512745098039243,47.856862745098056,
2018-10-27 00:00:00+00:00,2.0,12.243814432989682,20.788513513513504,36.58445945945948,
2018-10-28 00:00:00+00:00,3.0,7.481443298969081,18.735616438356175,20.87328767123289,
2018-10-29 00:00:00+00:00,68.0,8.890625000000005,18.292307692307705,21.433846153846144,
2018-10-30 00:00:00+00:00,203.0,9.363157894736844,19.142142857142854,35.53428571428571,
2018-10-31 00:00:00+00:00,75.0,8.805084745762711,19.47377049180328,32.29098360655737,
2018-11-01 00:00:00+00:00,3.0,10.838028169014079,19.10821917808217,31.443835616438356,
2018-11-02 00:00:00+00:00,80.0,14.066666666666697,19.20617283950618,43.52345679012346,
2018-11-03 00:00:00+00:00,1.0,13.976300578034698,19.303225806451614,44.88709677419356,
2018-11-04 00:00:00+00:00,1.0,10.6577380952381,18.623076923076898,45.53538461538459,
2018-11-05 00:00:00+00:00,159.0,9.832352941176461,18.54528301886792,39.35943396226412,
2018-11-06 00:00:00+00:00,78.0,10.812962962962963,19.114516129032264,37.33145161290325,
2018-11-07 00:00:00+00:00,109.0,11.971100917431205,20.154225352112668,39.82112676056338,
2018-11-08 00:00:00+00:00,86.0,11.1044776119403,20.511805555555583,38.356944444444444,
2018-11-09 00:00:00+00:00,148.0,,21.410070257611256,32.040046838407456,
2018-11-10 00:00:00+00:00,2.0,,20.065189873417694,47.12468354430375,
2018-11-11 00:00:00+00:00,0.0,,19.51237322515217,51.59188640973628,
2018-11-12 00:00:00+00:00,525.0,12.619381443298913,20.225806451613035,49.36112054329369,
2018-11-13 00:00:00+00:00,482.0,13.048965517241436,21.200271370420673,47.3814111261873,
2018-11-14 00:00:00+00:00,451.0,14.01839933993396,21.785085227272774,41.902698863636445,
2018-11-15 00:00:00+00:00,387.0,12.674081632653055,22.196745027124777,40.05153707052441,
2018-11-16 00:00:00+00:00,115.0,12.904687500000001,21.82696629213483,40.295880149812696,
2018-11-17 00:00:00+00:00,3.0,14.295833333333333,21.497435897435892,38.13076923076923,
2018-11-18 00:00:00+00:00,0.0,12.612499999999999,20.484892086330934,43.161151079136665,
2018-11-19 00:00:00+00:00,73.0,11.591666666666667,20.031914893617024,44.942553191489374,
2018-11-20 00:00:00+00:00,75.0,11.429166666666667,20.57,38.73,
2018-11-21 00:00:00+00:00,85.0,10.758333333333335,20.30238095238095,36.92063492063491,
2018-11-22 00:00:00+00:00,62.0,10.379166666666666,20.530656934306585,35.07883211678831,
2018-11-23 00:00:00+00:00,147.0,9.758333333333331,20.351824817518256,34.38613138686131,
2018-11-24 00:00:00+00:00,77.0,10.454166666666666,19.4068493150685,34.31095890410954,
2018-11-25 00:00:00+00:00,6.0,12.559999999999999,18.351677852349,48.8077181208054,
2018-11-26 00:00:00+00:00,193.0,11.029411764705882,17.423057644110337,39.36491228070187,
2018-11-27 00:00:00+00:00,64.0,8.420833333333333,19.404000000000007,32.805333333333344,
2018-11-28 00:00:00+00:00,73.0,7.279166666666665,19.27769230769231,30.965384615384608,
2018-11-29 00:00:00+00:00,116.0,8.033333333333331,19.230476190476192,31.281904761904766,
2018-11-30 00:00:00+00:00,99.0,8.995833333333334,19.5976,35.687200000000004,
2018-12-01 00:00:00+00:00,1.0,8.950000000000001,18.57411764705882,33.576470588235296,
2018-12-02 00:00:00+00:00,0.0,10.025,17.553658536585377,45.21341463414636,
2018-12-03 00:00:00+00:00,97.0,7.1875,18.01760563380282,42.12112676056339,
2018-12-04 00:00:00+00:00,127.0,9.070833333333335,18.719841269841258,39.63015873015871,
2018-12-05 00:00:00+00:00,76.0,10.80952380952381,19.03697478991597,40.77478991596639,
2018-12-06 00:00:00+00:00,2.0,8.418181818181818,18.506896551724143,41.206896551724135,
2018-12-07 00:00:00+00:00,25.0,,18.22121212121212,37.13939393939393,
2018-12-08 00:00:00+00:00,0.0,,18.205714285714283,42.417142857142856,
2018-12-09 00:00:00+00:00,1.0,,17.14242424242424,40.31818181818183,
2018-12-10 00:00:00+00:00,129.0,9.323076923076922,17.884722222222212,40.37638888888888,
2018-12-11 00:00:00+00:00,176.0,9.520833333333334,18.44712643678161,36.38505747126437,
2018-12-12 00:00:00+00:00,54.0,9.578260869565218,18.867272727272727,39.50545454545455,
2018-12-13 00:00:00+00:00,139.0,9.220833333333333,18.630851063829784,36.67659574468087,
2018-12-14 00:00:00+00:00,69.0,8.870833333333335,18.786363636363635,31.93863636363636,205.0
2018-12-15 00:00:00+00:00,0.0,9.841666666666665,18.117391304347823,37.50869565217391,1.0
2018-12-16 00:00:00+00:00,0.0,10.970833333333333,16.929032258064534,46.21532258064515,1.0
2018-12-17 00:00:00+00:00,77.0,6.845833333333332,17.090804597701155,37.43448275862069,77.0
2018-12-18 00:00:00+00:00,120.0,8.762500000000001,18.023577235772354,37.341463414634134,68.0
2018-12-19 00:00:00+00:00,69.0,8.356521739130434,18.564062500000006,39.54140624999998,89.0
2018-12-20 00:00:00+00:00,32.0,10.0875,19.14876033057851,41.67355371900828,89.0
2018-12-21 00:00:00+00:00,37.0,9.541666666666666,18.74166666666667,38.436666666666675,56.0
2018-12-22 00:00:00+00:00,4.0,7.808333333333331,17.715454545454563,38.83363636363637,2.0
2018-12-23 00:00:00+00:00,1.0,7.4624999999999995,16.878787878787882,40.31515151515151,2.0
2018-12-24 00:00:00+00:00,0.0,4.808333333333334,15.69642857142857,38.942857142857136,2.0
2018-12-25 00:00:00+00:00,2.0,6.408333333333334,14.887301587301597,42.333333333333336,1.0
2018-12-26 00:00:00+00:00,10.0,6.904166666666666,14.441935483870973,42.33387096774194,6.0
2018-12-27 00:00:00+00:00,8.0,7.295833333333333,14.004929577464777,43.073239436619694,7.0
2018-12-28 00:00:00+00:00,6.0,7.149999999999999,13.944067796610167,49.25762711864408,10.0
2018-12-29 00:00:00+00:00,0.0,5.545833333333333,13.405223880597024,42.09179104477615,2.0
2018-12-30 00:00:00+00:00,0.0,7.441666666666666,13.2189189189189,41.8783783783784,1.0
2018-12-31 00:00:00+00:00,2.0,6.3,12.949230769230775,41.59230769230776,2.0
2019-01-01 00:00:00+00:00,0.0,7.3083333333333345,12.698,41.31,1.0
2019-01-02 00:00:00+00:00,18.0,6.708333333333333,12.537735849056602,41.16226415094338,10.0
2019-01-03 00:00:00+00:00,20.0,4.612500000000001,12.105434782608688,40.69456521739131,11.0
2019-01-04 00:00:00+00:00,17.0,5.2541666666666655,11.938181818181816,40.5381818181818,17.0
2019-01-05 00:00:00+00:00,0.0,3.9708333333333337,11.606818181818177,40.16363636363638,1.0
2019-01-06 00:00:00+00:00,0.0,3.8416666666666663,11.081818181818182,39.36363636363635,0.0
2019-01-07 00:00:00+00:00,1.0,5.075,11.01875,39.493750000000006,0.0
2019-01-08 00:00:00+00:00,34.0,5.104166666666667,14.042857142857144,34.2,121.0
2019-01-09 00:00:00+00:00,40.0,6.595833333333334,17.552777777777777,30.136111111111113,188.0
2019-01-10 00:00:00+00:00,146.0,5.383333333333334,17.48303571428572,28.04910714285715,166.0
2019-01-11 00:00:00+00:00,38.0,3.158333333333333,17.387755102040817,21.461224489795917,118.0
2019-01-12 00:00:00+00:00,1.0,3.3625000000000003,15.980821917808221,21.736986301369864,1.0
2019-01-13 00:00:00+00:00,0.0,4.837500000000001,14.479591836734697,29.306122448979607,3.0
2019-01-14 00:00:00+00:00,44.0,5.729166666666667,15.274999999999999,30.749999999999996,192.0
2019-01-15 00:00:00+00:00,49.0,6.3999999999999995,17.13636363636363,31.633636363636352,256.0
2019-01-16 00:00:00+00:00,58.0,6.8625,17.71634615384615,32.8903846153846,139.0
2019-01-17 00:00:00+00:00,49.0,6.3199999999999985,18.13225806451613,33.758064516129025,248.0
2019-01-18 00:00:00+00:00,42.0,4.723684210526315,17.833333333333332,26.424999999999997,193.0
2019-01-19 00:00:00+00:00,1.0,6.258333333333333,16.67027027027027,37.2189189189189,3.0
2019-01-20 00:00:00+00:00,0.0,9.275,16.03846153846154,43.13076923076923,3.0
2019-01-21 00:00:00+00:00,36.0,7.058333333333331,15.750000000000002,32.737500000000004,178.0
2019-01-22 00:00:00+00:00,91.0,7.449999999999999,17.492079207920785,31.526732673267315,180.0
2019-01-23 00:00:00+00:00,40.0,7.325000000000001,17.624271844660193,35.67087378640775,124.0
2019-01-24 00:00:00+00:00,32.0,11.5625,19.352083333333344,35.32708333333333,153.0
2019-01-25 00:00:00+00:00,41.0,12.002564102564099,19.064864864864862,33.60540540540541,132.0
2019-01-26 00:00:00+00:00,0.0,9.383333333333333,18.31875,32.5875,4.0
2019-01-27 00:00:00+00:00,0.0,9.0375,16.831818181818186,30.50454545454545,1.0
2019-01-28 00:00:00+00:00,2.0,9.129166666666668,15.479999999999999,38.434999999999995,1.0
2019-01-29 00:00:00+00:00,50.0,9.3125,16.412987012987013,43.733766233766225,204.0
2019-01-30 00:00:00+00:00,91.0,8.808333333333332,17.67671232876713,39.66986301369863,218.0
2019-01-31 00:00:00+00:00,84.0,11.820833333333335,18.03411764705882,48.52117647058825,213.0
2019-02-01 00:00:00+00:00,71.0,9.015384615384615,17.799999999999997,44.545454545454554,93.0
2019-02-02 00:00:00+00:00,0.0,,15.294444444444444,28.08333333333334,1.0
2019-02-03 00:00:00+00:00,1.0,,14.47142857142857,27.27619047619048,1.0
2019-02-04 00:00:00+00:00,52.0,5.412820512820513,15.554545454545455,26.900000000000002,284.0
2019-02-05 00:00:00+00:00,80.0,6.729166666666668,16.46875,29.650000000000002,303.0
2019-02-06 00:00:00+00:00,78.0,8.850000000000001,18.07684210526316,32.22,421.0
2019-02-07 00:00:00+00:00,87.0,9.774999999999999,18.336666666666666,32.08333333333333,343.0
2019-02-08 00:00:00+00:00,85.0,8.445833333333333,18.49473684210526,31.536842105263162,193.0
2019-02-09 00:00:00+00:00,1.0,7.5249999999999995,17.040789473684217,35.631578947368425,3.0
2019-02-10 00:00:00+00:00,0.0,10.854166666666666,16.379999999999992,43.00888888888888,1.0
2019-02-11 00:00:00+00:00,134.0,8.9375,16.68823529411765,46.17941176470589,434.0
2019-02-12 00:00:00+00:00,85.0,8.262500000000001,18.30116279069768,31.923255813953485,376.0
2019-02-13 00:00:00+00:00,62.0,4.511111111111111,18.8981981981982,30.4045045045045,420.0
2019-02-14 00:00:00+00:00,74.0,,19.527777777777768,29.180555555555564,380.0
2019-02-15 00:00:00+00:00,51.0,,19.381481481481476,28.166666666666668,199.0
2019-02-16 00:00:00+00:00,0.0,,19.00000000000001,29.777777777777782,10.0
2019-02-17 00:00:00+00:00,13.0,,17.96388888888889,30.930555555555557,7.0
2019-02-18 00:00:00+00:00,65.0,11.574358974358972,19.64883720930233,32.765116279069765,409.0
2019-02-19 00:00:00+00:00,65.0,9.237499999999999,20.10714285714286,33.210714285714296,387.0
2019-02-20 00:00:00+00:00,107.0,10.275000000000002,20.637500000000006,33.018750000000004,418.0
2019-02-21 00:00:00+00:00,71.0,11.354166666666666,21.058000000000003,26.330000000000005,391.0
2019-02-22 00:00:00+00:00,55.0,12.491666666666667,21.508641975308638,23.654320987654323,189.0
2019-02-23 00:00:00+00:00,0.0,12.35,20.254081632653055,23.697959183673476,4.0
2019-02-24 00:00:00+00:00,1.0,11.895833333333334,19.47083333333333,27.48333333333333,5.0
2019-02-25 00:00:00+00:00,103.0,11.575000000000001,20.383695652173905,27.29347826086956,427.0
2019-02-26 00:00:00+00:00,103.0,13.270833333333336,21.071186440677987,23.96355932203389,438.0
2019-02-27 00:00:00+00:00,69.0,12.874999999999998,21.299999999999997,21.43166666666667,448.0
2019-02-28 00:00:00+00:00,159.0,11.679166666666667,21.110869565217385,25.299999999999994,386.0
2019-03-01 00:00:00+00:00,72.0,12.616666666666667,21.026573426573425,27.130769230769246,198.0
2019-03-02 00:00:00+00:00,2.0,13.962500000000004,20.75384615384615,29.429230769230763,2.0
2019-03-03 00:00:00+00:00,0.0,13.112500000000004,19.9,28.415384615384617,2.0
2019-03-04 00:00:00+00:00,75.0,12.308333333333332,20.068888888888896,33.79555555555555,369.0
2019-03-05 00:00:00+00:00,243.0,12.591666666666667,20.4,36.38688524590163,326.0
2019-03-06 00:00:00+00:00,82.0,12.288888888888888,20.002380952380964,35.31507936507936,419.0
2019-03-07 00:00:00+00:00,73.0,,19.068800000000007,32.52000000000002,403.0
2019-03-08 00:00:00+00:00,66.0,10.314705882352941,19.720799999999997,34.07920000000001,214.0
2019-03-09 00:00:00+00:00,0.0,11.733333333333329,19.489411764705878,31.847058823529416,3.0
2019-03-10 00:00:00+00:00,93.0,14.820833333333331,19.146999999999995,36.65500000000001,27.0
2019-03-11 00:00:00+00:00,72.0,15.266666666666664,19.76521739130435,38.69565217391304,411.0
2019-03-12 00:00:00+00:00,79.0,14.43333333333333,21.15454545454546,33.46363636363636,398.0
2019-03-13 00:00:00+00:00,97.0,11.145833333333334,20.965306122448983,25.928571428571434,428.0
2019-03-14 00:00:00+00:00,81.0,10.566666666666668,20.633928571428573,22.399999999999995,364.0
2019-03-15 00:00:00+00:00,40.0,12.512500000000001,20.891111111111105,23.01111111111112,192.0
2019-03-16 00:00:00+00:00,2.0,12.278571428571428,20.64339622641509,23.112264150943396,1.0
2019-03-17 00:00:00+00:00,1.0,,19.90338983050846,25.372033898305094,2.0
2019-03-18 00:00:00+00:00,77.0,11.786666666666664,19.82990654205608,24.334579439252348,397.0
2019-03-19 00:00:00+00:00,87.0,10.787500000000001,19.48307692307694,21.489230769230776,353.0
2019-03-20 00:00:00+00:00,99.0,9.749999999999998,19.209821428571423,21.125000000000004,365.0
2019-03-21 00:00:00+00:00,133.0,10.520833333333332,19.893478260869568,19.30652173913044,364.0
2019-03-22 00:00:00+00:00,52.0,11.341666666666663,20.123076923076933,18.684615384615384,190.0
2019-03-23 00:00:00+00:00,36.0,14.249999999999998,19.66559139784947,21.5010752688172,30.0
2019-03-24 00:00:00+00:00,0.0,14.695833333333335,19.52424242424243,23.80606060606061,1.0
2019-03-25 00:00:00+00:00,61.0,14.979166666666663,20.329411764705885,23.029411764705884,380.0
2019-03-26 00:00:00+00:00,65.0,14.879166666666668,20.40526315789473,20.30175438596492,370.0
2019-03-27 00:00:00+00:00,85.0,13.787500000000001,20.407692307692304,18.823076923076915,376.0
2019-03-28 00:00:00+00:00,59.0,12.908333333333333,20.085,16.764999999999997,369.0
2019-03-29 00:00:00+00:00,66.0,13.070833333333331,19.72105263157895,15.478947368421052,232.0
2019-03-30 00:00:00+00:00,0.0,13.6875,19.262500000000003,19.3875,3.0
2019-03-31 00:00:00+00:00,0.0,14.079166666666671,19.345833333333324,28.61458333333333,1.0
2019-04-01 00:00:00+00:00,52.0,12.766666666666666,19.280392156862746,37.67254901960784,358.0
2019-04-02 00:00:00+00:00,48.0,14.337499999999999,19.286301369863022,33.982191780821914,360.0
2019-04-03 00:00:00+00:00,60.0,11.608333333333333,18.932500000000005,27.11749999999999,397.0
2019-04-04 00:00:00+00:00,50.0,9.283333333333333,18.575471698113212,20.120754716981143,342.0
2019-04-05 00:00:00+00:00,40.0,7.754166666666666,18.675925925925927,28.038888888888888,152.0
2019-04-06 00:00:00+00:00,0.0,7.420833333333332,17.26415094339623,32.235849056603755,2.0
2019-04-07 00:00:00+00:00,52.0,10.083333333333334,16.462809917355376,42.420661157024746,15.0
2019-04-08 00:00:00+00:00,62.0,12.004166666666665,17.325,44.74687500000001,353.0
2019-04-09 00:00:00+00:00,63.0,10.666666666666666,18.518,35.278,355.0
2019-04-10 00:00:00+00:00,68.0,11.412500000000001,18.549397590361444,32.99277108433736,382.0
2019-04-11 00:00:00+00:00,69.0,12.025,19.261290322580646,27.700000000000006,312.0
2019-04-12 00:00:00+00:00,31.0,13.125000000000002,19.014423076923077,23.52307692307693,161.0
2019-04-13 00:00:00+00:00,1.0,16.379166666666666,19.45263157894736,30.29649122807019,7.0
2019-04-14 00:00:00+00:00,1.0,17.54583333333333,19.809090909090916,45.03636363636364,1.0
2019-04-15 00:00:00+00:00,0.0,16.8,19.868750000000002,46.36874999999999,4.0
2019-04-16 00:00:00+00:00,0.0,,,,2.0
2019-04-17 00:00:00+00:00,0.0,,,,0.0
2019-04-18 00:00:00+00:00,0.0,,,,0.0
2019-04-19 00:00:00+00:00,0.0,,,,0.0
2019-04-20 00:00:00+00:00,0.0,,,,1.0
2019-04-21 00:00:00+00:00,0.0,,,,1.0
2019-04-22 00:00:00+00:00,0.0,,,,19.0
2019-04-23 00:00:00+00:00,0.0,,,,0.0
2019-04-24 00:00:00+00:00,70.0,12.456250000000002,17.23913043478261,53.35217391304349,335.0
2019-04-25 00:00:00+00:00,62.0,11.133333333333335,17.12608695652174,40.663768115942034,334.0
2019-04-26 00:00:00+00:00,44.0,12.358333333333333,18.108695652173914,36.27391304347825,182.0
2019-04-27 00:00:00+00:00,29.0,15.274999999999997,18.86870229007632,34.77404580152671,17.0
2019-04-28 00:00:00+00:00,0.0,18.316666666666663,19.56690140845073,37.239436619718305,1.0
2019-04-29 00:00:00+00:00,55.0,20.029166666666665,20.62573529411763,40.34558823529411,356.0
2019-04-30 00:00:00+00:00,52.0,21.52083333333333,21.144897959183677,40.87142857142857,300.0
2019-05-01 00:00:00+00:00,2.0,21.879166666666666,22.45042735042733,34.75897435897436,2.0
2019-05-02 00:00:00+00:00,77.0,20.887500000000003,23.01525423728814,33.76271186440678,352.0
2019-05-03 00:00:00+00:00,41.0,19.062500000000004,23.349999999999998,27.227272727272734,153.0
2019-05-04 00:00:00+00:00,2.0,17.520833333333336,23.054807692307666,22.66346153846155,1.0
2019-05-05 00:00:00+00:00,1.0,19.870833333333334,23.133695652173905,24.42391304347826,1.0
2019-05-06 00:00:00+00:00,53.0,17.491666666666667,23.098484848484837,29.28484848484848,323.0
2019-05-07 00:00:00+00:00,54.0,16.45,22.677966101694896,36.953389830508485,348.0
2019-05-08 00:00:00+00:00,61.0,15.520833333333329,21.978947368421053,46.427631578947356,350.0
2019-05-09 00:00:00+00:00,50.0,16.270833333333336,21.40901639344264,48.81639344262297,286.0
2019-05-10 00:00:00+00:00,7.0,18.525000000000002,21.33809523809526,47.74557823129251,7.0
2019-05-11 00:00:00+00:00,0.0,20.391666666666662,21.853658536585375,34.57398373983738,1.0
2019-05-12 00:00:00+00:00,35.0,21.60416666666666,22.719580419580414,22.818881118881112,8.0
2019-05-13 00:00:00+00:00,44.0,16.89,23.455384615384588,20.314615384615383,291.0
2019-05-14 00:00:00+00:00,58.0,25.118918918918922,24.463043478260882,23.944202898550728,317.0
2019-05-15 00:00:00+00:00,42.0,26.379166666666663,25.3445205479452,24.19041095890412,233.0
2019-05-16 00:00:00+00:00,42.0,20.809090909090912,25.192592592592604,23.499999999999996,158.0
2019-05-17 00:00:00+00:00,27.0,14.125,22.81728395061729,18.682716049382716,112.0
2019-05-18 00:00:00+00:00,1.0,14.066666666666665,21.864999999999984,19.039166666666677,1.0
2019-05-19 00:00:00+00:00,0.0,15.979166666666666,21.347222222222225,22.04444444444445,3.0
2019-05-20 00:00:00+00:00,29.0,13.52727272727273,21.902500000000003,21.7375,134.0
2019-05-21 00:00:00+00:00,34.0,,22.158181818181816,24.298181818181817,151.0
2019-05-22 00:00:00+00:00,36.0,22.607894736842105,22.73333333333334,29.580555555555552,192.0
2019-05-23 00:00:00+00:00,65.0,21.78333333333333,23.48333333333333,26.561111111111114,247.0
2019-05-24 00:00:00+00:00,82.0,21.020833333333332,23.1421052631579,25.22631578947368,135.0
2019-05-25 00:00:00+00:00,11.0,20.21666666666667,23.38173076923077,22.61634615384614,5.0
2019-05-26 00:00:00+00:00,0.0,22.216666666666665,23.65686274509804,22.36078431372549,1.0
2019-05-27 00:00:00+00:00,47.0,24.59583333333333,24.51609195402299,24.625287356321852,186.0
2019-05-28 00:00:00+00:00,35.0,19.5,24.86148148148148,21.462962962962987,208.0
2019-05-29 00:00:00+00:00,32.0,,25.004195804195806,17.656643356643364,169.0
2019-05-30 00:00:00+00:00,41.0,,25.333333333333343,16.890909090909084,169.0
2019-05-31 00:00:00+00:00,1.0,,25.820168067226888,16.08151260504201,6.0
2019-06-01 00:00:00+00:00,1.0,,26.327343749999986,16.00234375000001,2.0
2019-06-02 00:00:00+00:00,0.0,,26.736986301369864,16.639041095890402,1.0
2019-06-03 00:00:00+00:00,39.0,,27.142068965517247,14.435862068965509,192.0
2019-06-04 00:00:00+00:00,38.0,,26.314189189189193,25.655405405405368,167.0
2019-06-05 00:00:00+00:00,33.0,18.392307692307693,24.3281818181818,18.71,179.0
2019-06-06 00:00:00+00:00,36.0,16.08695652173913,23.36875,22.13660714285714,205.0
2019-06-07 00:00:00+00:00,26.0,,22.71250000000001,22.486363636363627,143.0
2019-06-08 00:00:00+00:00,3.0,,22.825333333333322,19.07066666666667,3.0
2019-06-09 00:00:00+00:00,1.0,,22.895121951219505,21.7829268292683,2.0
2019-06-10 00:00:00+00:00,52.0,,23.079775280898875,21.24044943820225,168.0
2019-06-11 00:00:00+00:00,47.0,,23.077499999999993,19.285,187.0
2019-06-12 00:00:00+00:00,38.0,20.195121951219505,23.20217391304348,13.447826086956523,98.0
2019-06-13 00:00:00+00:00,31.0,18.458333333333332,23.173584905660384,16.95849056603774,102.0
2019-06-14 00:00:00+00:00,28.0,15.945833333333335,22.62,22.535000000000014,93.0
2019-06-15 00:00:00+00:00,0.0,18.579166666666666,22.567857142857132,21.834285714285723,1.0
2019-06-16 00:00:00+00:00,1.0,22.1375,23.00743801652893,21.341322314049588,2.0
2019-06-17 00:00:00+00:00,32.0,24.245833333333337,23.769696969696994,20.069696969696963,140.0
2019-06-18 00:00:00+00:00,55.0,21.463157894736838,24.14074074074076,25.696296296296303,174.0
2019-06-19 00:00:00+00:00,37.0,20.83793103448276,24.013513513513477,35.66486486486487,160.0
2019-06-20 00:00:00+00:00,37.0,21.712500000000006,24.029729729729723,34.42702702702702,143.0
2019-06-21 00:00:00+00:00,175.0,22.04583333333333,24.052000000000003,29.457999999999988,144.0
2019-06-22 00:00:00+00:00,2.0,25.208333333333332,24.733333333333338,24.271851851851853,2.0
2019-06-23 00:00:00+00:00,0.0,24.275000000000006,24.99919354838712,20.81935483870966,3.0
2019-06-24 00:00:00+00:00,46.0,21.5,25.201481481481483,36.044444444444466,196.0
2019-06-25 00:00:00+00:00,42.0,24.43043478260869,25.28732394366198,27.73591549295775,191.0
2019-06-26 00:00:00+00:00,42.0,25.433333333333334,25.813043478260873,32.182608695652156,168.0
2019-06-27 00:00:00+00:00,38.0,25.44583333333333,26.195000000000004,32.975,192.0
2019-06-28 00:00:00+00:00,35.0,28.745833333333337,26.85100000000001,26.736000000000022,137.0
2019-06-29 00:00:00+00:00,43.0,30.16666666666666,27.25217391304348,27.465217391304353,10.0
2019-06-30 00:00:00+00:00,61.0,28.56666666666666,27.978378378378387,27.55405405405406,14.0
2019-07-01 00:00:00+00:00,42.0,25.312500000000004,27.81406249999999,21.695312500000007,36.0
2019-07-02 00:00:00+00:00,56.0,24.77083333333333,27.52615384615385,21.999230769230753,16.0
2019-07-03 00:00:00+00:00,53.0,25.4875,27.566901408450722,24.368309859154927,16.0
2019-07-04 00:00:00+00:00,50.0,23.370833333333337,27.115748031496075,26.114960629921278,27.0
2019-07-05 00:00:00+00:00,20.0,24.079166666666662,26.70153846153846,25.209230769230775,25.0
2019-07-06 00:00:00+00:00,0.0,24.637500000000006,26.8030534351145,23.859541984732825,0.0
2019-07-07 00:00:00+00:00,1.0,23.620833333333337,26.724107142857143,25.181249999999988,0.0
2019-07-08 00:00:00+00:00,29.0,22.245833333333334,26.323308270676666,24.998496240601497,24.0
2019-07-09 00:00:00+00:00,26.0,24.154166666666665,26.064406779661006,26.166949152542372,27.0
2019-07-10 00:00:00+00:00,29.0,27.8125,26.88356164383559,25.082876712328762,25.0
2019-07-11 00:00:00+00:00,22.0,30.695833333333336,27.62573529411763,20.87867647058825,14.0
2019-07-12 00:00:00+00:00,13.0,30.07083333333333,28.001960784313738,21.825490196078434,20.0
2019-07-13 00:00:00+00:00,8.0,25.21666666666667,27.834285714285713,28.614285714285707,0.0
2019-07-14 00:00:00+00:00,0.0,26.65416666666667,27.503100775193808,29.390697674418618,0.0
2019-07-15 00:00:00+00:00,23.0,28.82083333333334,27.9765306122449,29.986734693877523,12.0
2019-07-16 00:00:00+00:00,22.0,27.545833333333334,28.148739495798303,26.321848739495803,14.0
2019-07-17 00:00:00+00:00,29.0,22.9875,26.776470588235295,32.9579831932773,9.0
2019-07-18 00:00:00+00:00,23.0,28.749999999999996,27.404316546762608,29.376978417266177,25.0
2019-07-19 00:00:00+00:00,19.0,31.150000000000006,28.12252252252253,23.663963963963976,26.0
2019-07-20 00:00:00+00:00,0.0,30.383333333333336,28.593055555555548,21.259027777777746,0.0
2019-07-21 00:00:00+00:00,0.0,30.195833333333336,28.97954545454547,23.053787878787894,0.0
2019-07-22 00:00:00+00:00,29.0,32.21666666666667,29.41631205673758,20.23971631205674,13.0
2019-07-23 00:00:00+00:00,25.0,30.38333333333333,29.68249999999998,23.236666666666668,10.0
2019-07-24 00:00:00+00:00,22.0,30.500000000000004,29.921969696969686,21.315151515151534,10.0
2019-07-25 00:00:00+00:00,43.0,27.99166666666667,29.64848484848485,19.430303030303033,13.0
2019-07-26 00:00:00+00:00,24.0,22.88333333333333,28.63333333333333,20.74814814814815,15.0
2019-07-27 00:00:00+00:00,7.0,16.766666666666666,27.352631578947364,25.789473684210524,0.0
2019-07-28 00:00:00+00:00,0.0,,27.250000000000004,25.383333333333336,0.0
2019-07-29 00:00:00+00:00,16.0,,27.14947368421053,20.080000000000005,12.0
2019-07-30 00:00:00+00:00,13.0,,26.63819444444445,16.330555555555552,11.0
2019-07-31 00:00:00+00:00,14.0,,26.860869565217396,13.975362318840565,7.0
2019-08-01 00:00:00+00:00,0.0,,27.34594594594595,18.53243243243243,0.0
2019-08-02 00:00:00+00:00,0.0,,27.56666666666667,18.195238095238096,0.0
2019-08-03 00:00:00+00:00,0.0,,27.946874999999995,23.18124999999999,0.0
2019-08-04 00:00:00+00:00,0.0,,28.100729927007304,25.070802919708022,0.0
2019-08-05 00:00:00+00:00,1.0,,28.21604938271605,19.780246913580253,0.0
2019-08-06 00:00:00+00:00,0.0,,28.235714285714284,24.623809523809538,0.0
2019-08-07 00:00:00+00:00,2.0,,27.71923076923077,29.28461538461538,0.0
2019-08-08 00:00:00+00:00,0.0,,27.73106796116505,30.442718446601937,0.0
2019-08-09 00:00:00+00:00,1.0,,27.59655172413793,38.418965517241375,0.0
2019-08-10 00:00:00+00:00,1.0,,26.950684931506846,25.957534246575342,0.0
2019-08-11 00:00:00+00:00,1.0,,26.34285714285714,22.81224489795918,0.0
2019-08-12 00:00:00+00:00,0.0,,25.617073170731707,20.59024390243903,0.0
2019-08-13 00:00:00+00:00,0.0,,26.139215686274508,15.188235294117643,0.0
2019-08-14 00:00:00+00:00,1.0,,26.625409836065533,15.627049180327868,0.0
2019-08-15 00:00:00+00:00,0.0,,27.361224489795905,24.089795918367347,0.0
2019-08-16 00:00:00+00:00,1.0,,27.959999999999997,24.919999999999998,0.0
2019-08-17 00:00:00+00:00,0.0,,28.497916666666672,17.302083333333332,0.0
2019-08-18 00:00:00+00:00,0.0,,28.307407407407414,26.06481481481481,0.0
2019-08-19 00:00:00+00:00,24.0,,27.70740740740741,23.415740740740734,0.0
2019-08-20 00:00:00+00:00,14.0,,27.408450704225356,22.940845070422544,1.0
2019-08-21 00:00:00+00:00,13.0,,27.80975609756097,24.087804878048775,0.0
2019-08-22 00:00:00+00:00,32.0,,28.212121212121207,23.639393939393948,0.0
2019-08-23 00:00:00+00:00,16.0,,28.316666666666677,19.82916666666667,1.0
2019-08-24 00:00:00+00:00,0.0,,28.61551724137931,15.98103448275862,0.0
2019-08-25 00:00:00+00:00,0.0,,28.68367346938775,19.534693877551025,0.0
2019-08-26 00:00:00+00:00,19.0,,28.267692307692304,26.381538461538476,0.0
2019-08-27 00:00:00+00:00,22.0,,27.856250000000003,27.268749999999994,0.0
2019-08-28 00:00:00+00:00,19.0,,27.961111111111112,24.57222222222222,3.0
2019-08-29 00:00:00+00:00,18.0,,28.310000000000002,22.964999999999996,2.0
2019-08-30 00:00:00+00:00,19.0,,28.56666666666667,17.912643678160926,0.0
2019-08-31 00:00:00+00:00,0.0,,28.58604651162791,21.137209302325587,0.0
2019-09-01 00:00:00+00:00,0.0,,28.85238095238095,20.5047619047619,0.0
2019-09-02 00:00:00+00:00,85.0,,28.88352941176471,21.10235294117647,12.0
2019-09-03 00:00:00+00:00,39.0,,29.060747663551396,19.517757009345786,12.0
2019-09-04 00:00:00+00:00,24.0,,28.948837209302326,15.502325581395347,14.0
2019-09-05 00:00:00+00:00,17.0,,28.760215053763435,16.186021505376335,19.0
2019-09-06 00:00:00+00:00,15.0,,28.2625,12.965625000000001,4.0
2019-09-07 00:00:00+00:00,7.0,,27.95714285714286,14.038095238095236,0.0
2019-09-08 00:00:00+00:00,4.0,,27.643478260869564,14.295652173913044,0.0
2019-09-09 00:00:00+00:00,0.0,,27.520930232558136,11.172093023255819,0.0
2019-09-10 00:00:00+00:00,37.0,21.86410256410256,25.754166666666663,14.333333333333334,27.0
2019-09-11 00:00:00+00:00,28.0,16.05,25.76194690265486,15.481415929203543,21.0
2019-09-12 00:00:00+00:00,36.0,,26.10078125000001,22.153906249999995,13.0
2019-09-13 00:00:00+00:00,24.0,,25.904918032786878,24.647540983606568,18.0
2019-09-14 00:00:00+00:00,0.0,,25.615789473684217,29.98684210526315,0.0
2019-09-15 00:00:00+00:00,1.0,,25.480701754385958,32.02280701754386,0.0
2019-09-16 00:00:00+00:00,179.0,,25.830357142857167,30.266071428571433,27.0
2019-09-17 00:00:00+00:00,87.0,23.95652173913043,26.02926829268293,30.26829268292682,31.0
2019-09-18 00:00:00+00:00,62.0,,26.24923076923076,28.813846153846146,42.0
2019-09-19 00:00:00+00:00,32.0,,26.152272727272734,30.025,34.0
2019-09-20 00:00:00+00:00,91.0,,26.182644628099172,27.25123966942147,28.0
2019-09-21 00:00:00+00:00,1.0,,25.418309859154952,37.30704225352114,5.0
2019-09-22 00:00:00+00:00,0.0,,24.316778523489916,36.012751677852364,0.0
2019-09-23 00:00:00+00:00,96.0,,24.097938144329877,28.891752577319597,22.0
2019-09-24 00:00:00+00:00,63.0,,24.140697674418597,36.7232558139535,31.0
2019-09-25 00:00:00+00:00,83.0,,23.659055118110228,30.095275590551164,51.0
2019-09-26 00:00:00+00:00,34.0,,24.220000000000017,29.370000000000008,37.0
2019-09-27 00:00:00+00:00,41.0,,24.63555555555556,25.020000000000003,17.0
2019-09-28 00:00:00+00:00,2.0,,24.766666666666676,26.792424242424236,0.0
2019-09-29 00:00:00+00:00,0.0,,24.805000000000007,22.768333333333334,0.0
2019-09-30 00:00:00+00:00,139.0,,24.966666666666672,22.302469135802465,34.0
2019-10-01 00:00:00+00:00,76.0,,24.97428571428571,31.844285714285707,36.0
2019-10-02 00:00:00+00:00,130.0,,24.5008130081301,23.304878048780484,39.0
2019-10-03 00:00:00+00:00,161.0,,24.506249999999984,22.378124999999994,42.0
2019-10-04 00:00:00+00:00,47.0,,24.650000000000002,31.637962962962956,27.0
2019-10-05 00:00:00+00:00,1.0,,24.642352941176455,28.990588235294126,6.0
2019-10-06 00:00:00+00:00,1.0,,24.563865546218484,24.610084033613447,0.0
2019-10-07 00:00:00+00:00,55.0,,24.675757575757586,23.748484848484846,42.0
2019-10-08 00:00:00+00:00,56.0,,25.190909090909095,23.329090909090905,30.0
2019-10-09 00:00:00+00:00,40.0,,25.226923076923086,26.818461538461538,54.0
2019-10-10 00:00:00+00:00,40.0,,24.572656249999994,20.830468750000016,34.0
2019-10-11 00:00:00+00:00,47.0,,24.45974025974025,26.049350649350647,35.0
2019-10-12 00:00:00+00:00,0.0,,25.0,32.92,0.0
2019-10-13 00:00:00+00:00,0.0,,,,
2019-10-14 00:00:00+00:00,0.0,,,,37.0
2019-10-15 00:00:00+00:00,62.0,14.837500000000002,,,31.0
2019-10-16 00:00:00+00:00,92.0,15.404166666666669,,,36.0
2019-10-17 00:00:00+00:00,60.0,15.79166666666667,,,47.0
2019-10-18 00:00:00+00:00,198.0,17.554166666666667,,,20.0
2019-10-19 00:00:00+00:00,0.0,14.391666666666667,,,6.0
2019-10-20 00:00:00+00:00,0.0,11.975,,,0.0
2019-10-21 00:00:00+00:00,142.0,10.762500000000001,,,44.0
2019-10-22 00:00:00+00:00,44.0,11.729166666666666,,,35.0
2019-10-23 00:00:00+00:00,48.0,10.866666666666667,,,43.0
2019-10-24 00:00:00+00:00,44.0,13.183333333333332,,,33.0
2019-10-25 00:00:00+00:00,73.0,15.237500000000002,,,0.0
2019-10-26 00:00:00+00:00,0.0,17.820833333333333,,,0.0
2019-10-27 00:00:00+00:00,0.0,17.93913043478261,,,0.0
2019-10-28 00:00:00+00:00,45.0,17.404,,,41.0
2019-10-29 00:00:00+00:00,50.0,17.84166666666667,,,38.0
2019-10-30 00:00:00+00:00,45.0,17.366666666666667,,,36.0
2019-10-31 00:00:00+00:00,56.0,18.474999999999994,,,35.0
2019-11-01 00:00:00+00:00,0.0,18.916666666666668,,,0.0
2019-11-02 00:00:00+00:00,2.0,16.745833333333334,,,0.0
2019-11-03 00:00:00+00:00,0.0,16.254166666666666,,,0.0
2019-11-04 00:00:00+00:00,59.0,14.687500000000002,,,29.0
2019-11-05 00:00:00+00:00,22.0,10.766666666666667,,,33.0
2019-11-06 00:00:00+00:00,5.0,13.183333333333335,,,32.0
2019-11-07 00:00:00+00:00,47.0,11.970833333333333,,,55.0
2019-11-08 00:00:00+00:00,27.0,9.558333333333334,,,33.0
2019-11-09 00:00:00+00:00,0.0,10.233333333333333,,,5.0
2019-11-10 00:00:00+00:00,0.0,10.304166666666665,,,0.0
2019-11-11 00:00:00+00:00,63.0,12.195833333333331,,,43.0
2019-11-12 00:00:00+00:00,56.0,11.633333333333335,,,38.0
2019-11-13 00:00:00+00:00,40.0,14.537499999999996,,,53.0
2019-11-14 00:00:00+00:00,61.0,9.570833333333335,,,46.0
2019-11-15 00:00:00+00:00,26.0,7.366666666666667,,,30.0
2019-11-16 00:00:00+00:00,0.0,7.329166666666668,,,5.0
2019-11-17 00:00:00+00:00,0.0,9.225,,,0.0
2019-11-18 00:00:00+00:00,142.0,8.612499999999997,,,45.0
2019-11-19 00:00:00+00:00,116.0,7.1499999999999995,,,45.0
2019-11-20 00:00:00+00:00,40.0,8.495833333333335,,,59.0
2019-11-21 00:00:00+00:00,27.0,10.825000000000001,19.924000000000003,41.56,40.0
2019-11-22 00:00:00+00:00,43.0,15.433333333333335,19.426785714285707,44.05357142857143,33.0
2019-11-23 00:00:00+00:00,0.0,9.4,18.675,38.38333333333333,0.0
2019-11-24 00:00:00+00:00,0.0,,17.031999999999996,41.43999999999999,0.0
2019-11-25 00:00:00+00:00,6.0,,16.77777777777778,56.388888888888886,55.0
2019-11-26 00:00:00+00:00,0.0,,,,32.0
2019-11-27 00:00:00+00:00,0.0,,,,47.0
2019-11-28 00:00:00+00:00,17.0,14.08333333333333,21.133333333333336,45.23333333333334,38.0
2019-11-29 00:00:00+00:00,30.0,14.408333333333337,20.640789473684205,49.80394736842106,22.0
2019-11-30 00:00:00+00:00,2.0,12.999999999999998,19.71573033707865,48.82696629213483,6.0
2019-12-01 00:00:00+00:00,0.0,9.862499999999999,18.146774193548406,47.146774193548296,0.0
2019-12-02 00:00:00+00:00,89.0,10.070833333333333,18.576335877862597,37.930534351145035,39.0
2019-12-03 00:00:00+00:00,334.0,8.368749999999999,19.036792452830184,32.13962264150943,46.0
2019-12-04 00:00:00+00:00,54.0,,19.488888888888876,34.07962962962965,63.0
2019-12-05 00:00:00+00:00,30.0,,19.660655737704925,33.18934426229508,35.0
2019-12-06 00:00:00+00:00,0.0,,19.225714285714286,33.9,1.0
2019-12-07 00:00:00+00:00,0.0,,17.874561403508753,35.71315789473685,1.0
2019-12-08 00:00:00+00:00,2.0,,17.164625850340123,40.98435374149657,0.0
2019-12-09 00:00:00+00:00,0.0,,17.590225563909787,45.56691729323306,0.0
2019-12-10 00:00:00+00:00,236.0,,17.919999999999984,39.93199999999998,40.0
2019-12-11 00:00:00+00:00,45.0,,18.52071428571429,35.04714285714284,45.0
2019-12-12 00:00:00+00:00,91.0,,18.57234042553192,37.95177304964537,54.0
2019-12-13 00:00:00+00:00,53.0,,19.107246376811588,47.96521739130432,30.0
2019-12-14 00:00:00+00:00,0.0,,18.107843137254907,47.10784313725491,9.0
2019-12-15 00:00:00+00:00,1.0,,17.447286821705408,46.779069767441904,6.0
2019-12-16 00:00:00+00:00,72.0,,17.868376068376065,46.98717948717949,34.0
2019-12-17 00:00:00+00:00,58.0,,18.95106382978725,34.26808510638298,41.0
2019-12-18 00:00:00+00:00,100.0,,19.010344827586206,36.046551724137935,36.0
2019-12-19 00:00:00+00:00,50.0,,19.619444444444444,51.61805555555555,31.0
2019-12-20 00:00:00+00:00,67.0,,19.282075471698118,56.52264150943394,28.0
2019-12-21 00:00:00+00:00,1.0,,18.447916666666668,61.054166666666674,0.0
2019-12-22 00:00:00+00:00,1.0,,17.44455445544554,52.73069306930693,0.0
2019-12-23 00:00:00+00:00,2.0,,17.061403508771917,48.98947368421055,1.0
2019-12-24 00:00:00+00:00,0.0,,16.523741007194253,46.341726618705025,0.0
2019-12-25 00:00:00+00:00,1.0,,16.306000000000015,47.480000000000004,0.0
2019-12-26 00:00:00+00:00,4.0,,16.12952380952382,50.32761904761906,0.0
2019-12-27 00:00:00+00:00,1.0,,15.794573643410843,47.140310077519395,1.0
2019-12-28 00:00:00+00:00,0.0,,15.552577319587625,44.38556701030931,0.0
2019-12-29 00:00:00+00:00,0.0,,15.285964912280708,43.76491228070178,0.0
2019-12-30 00:00:00+00:00,1.0,,14.843298969072164,42.84536082474228,0.0
2019-12-31 00:00:00+00:00,0.0,,14.234615384615383,41.978846153846135,0.0
2020-01-01 00:00:00+00:00,1.0,,13.625954198473284,41.63893129770991,0.0
2020-01-02 00:00:00+00:00,25.0,,13.136879432624106,42.67588652482269,2.0
2020-01-03 00:00:00+00:00,7.0,,13.217266187050354,48.07050359712227,1.0
2020-01-04 00:00:00+00:00,1.0,,13.029599999999999,44.66160000000004,0.0
2020-01-05 00:00:00+00:00,1.0,,12.668181818181813,41.62272727272726,1.0
2020-01-06 00:00:00+00:00,0.0,,12.443589743589742,41.89487179487178,0.0
2020-01-07 00:00:00+00:00,19.0,,14.1515625,43.11562500000001,9.0
2020-01-08 00:00:00+00:00,24.0,,15.30315789473685,39.72736842105264,24.0
2020-01-09 00:00:00+00:00,42.0,,16.47008547008547,37.6068376068376,29.0
2020-01-10 00:00:00+00:00,96.0,,16.98421052631579,35.84736842105262,26.0
2020-01-11 00:00:00+00:00,0.0,,16.271590909090893,30.342045454545453,0.0
2020-01-12 00:00:00+00:00,0.0,,14.949624060150365,31.284210526315793,0.0
2020-01-13 00:00:00+00:00,52.0,,15.365000000000004,30.95833333333334,35.0
2020-01-14 00:00:00+00:00,58.0,,17.421590909090916,33.5125,30.0
2020-01-15 00:00:00+00:00,37.0,,17.664912280701753,40.850877192982466,34.0
2020-01-16 00:00:00+00:00,31.0,,18.790625000000006,41.224999999999994,40.0
2020-01-17 00:00:00+00:00,39.0,,19.401265822784808,38.965822784810115,29.0
2020-01-18 00:00:00+00:00,1.0,,18.465151515151522,44.81060606060605,1.0
2020-01-19 00:00:00+00:00,46.0,,18.14905660377359,33.081132075471686,5.0
2020-01-20 00:00:00+00:00,57.0,,17.843564356435643,20.638613861386148,28.0
2020-01-21 00:00:00+00:00,110.0,,18.110909090909086,23.69636363636364,33.0
2020-01-22 00:00:00+00:00,227.0,,17.92820512820513,31.810256410256414,25.0
2020-01-23 00:00:00+00:00,50.0,,18.49270833333333,37.16354166666667,31.0
2020-01-24 00:00:00+00:00,64.0,,19.02162162162163,38.116216216216216,37.0
2020-01-25 00:00:00+00:00,2.0,,18.10833333333333,41.68333333333333,0.0
2020-01-26 00:00:00+00:00,0.0,,16.783870967741937,40.164516129032265,0.0
2020-01-27 00:00:00+00:00,30.0,,17.13058823529411,45.370588235294136,20.0
2020-01-28 00:00:00+00:00,9.0,,17.899159663865543,50.73445378151261,0.0
2020-01-29 00:00:00+00:00,45.0,,18.272268907563024,51.04201680672271,32.0
2020-01-30 00:00:00+00:00,35.0,,18.895522388059703,47.932835820895534,32.0
2020-01-31 00:00:00+00:00,31.0,,19.560606060606062,48.93939393939395,23.0
2020-02-01 00:00:00+00:00,0.0,,19.207438016528922,52.88429752066115,0.0
2020-02-02 00:00:00+00:00,0.0,,18.535897435897425,48.96923076923078,0.0
2020-02-03 00:00:00+00:00,68.0,,18.703773584905665,47.73018867924529,25.0
2020-02-04 00:00:00+00:00,50.0,,19.567768595041326,42.76363636363635,39.0
2020-02-05 00:00:00+00:00,51.0,,20.018749999999986,37.67410714285711,35.0
2020-02-06 00:00:00+00:00,48.0,,20.21818181818182,34.72727272727274,33.0
2020-02-07 00:00:00+00:00,38.0,,20.37894736842105,34.923157894736846,24.0
2020-02-08 00:00:00+00:00,0.0,,19.735460992907818,40.970921985815565,0.0
2020-02-09 00:00:00+00:00,0.0,,18.967999999999996,45.97599999999999,0.0
2020-02-10 00:00:00+00:00,84.0,,19.59375,45.33749999999999,31.0
2020-02-11 00:00:00+00:00,52.0,,20.26239999999998,43.111200000000004,38.0
2020-02-12 00:00:00+00:00,57.0,,20.411999999999992,46.46800000000001,38.0
2020-02-13 00:00:00+00:00,47.0,,20.56024096385542,40.65662650602408,37.0
2020-02-14 00:00:00+00:00,42.0,,20.46231884057974,38.35507246376812,26.0
2020-02-15 00:00:00+00:00,0.0,,19.513636363636348,37.26727272727272,0.0
2020-02-16 00:00:00+00:00,2.0,,18.710869565217386,42.320652173913025,0.0
2020-02-17 00:00:00+00:00,75.0,,19.159259259259255,46.79999999999996,30.0
2020-02-18 00:00:00+00:00,163.0,10.905405405405405,19.639999999999997,34.240000000000016,43.0
2020-02-19 00:00:00+00:00,81.0,9.254166666666666,19.84269662921347,30.450561797752812,42.0
2020-02-20 00:00:00+00:00,46.0,9.8625,20.04285714285715,30.630612244897957,43.0
2020-02-21 00:00:00+00:00,57.0,11.308333333333332,20.12027027027028,29.677027027027037,18.0
2020-02-22 00:00:00+00:00,1.0,11.620833333333332,19.66438356164383,28.786301369863015,0.0
2020-02-23 00:00:00+00:00,0.0,12.34545454545455,19.12083333333333,29.00208333333333,0.0
